title,url,language,category,file,summary,status
Acceptance Criteria,https://vibe-hub.org/en/acceptance-criteria,en,acceptance-criteria,pages/en/acceptance-criteria.md,"Acceptance criteria are checkable conditions that determine whether a result is acceptable. For an itinerary, saving can show the trip, refresh can keep it, and an end…",ok
Active,https://vibe-hub.org/en/active,en,active,pages/en/active.md,"Show that a control is being pressed right now. The active state appears during the press between pointer down and release. A small change in color, depth, or scale…",ok
Agent Loop,https://vibe-hub.org/en/agent-loop,en,agent-loop,pages/en/agent-loop.md,"The runtime mechanism that repeatedly calls a model and tools, then decides whether to continue, pause, or stop. While fixing a page button, a product feeds each read…",ok
AI Agent,https://vibe-hub.org/en/ai-agent,en,ai-agent,pages/en/ai-agent.md,"An AI system that can plan steps, use permitted tools, and act on results toward a goal. To fix a page, an agent can read the relevant file, edit it, run a check, and…",ok
AI Application Basics,https://vibe-hub.org/en/ai-basics,en,ai-basics,pages/en/ai-basics.md,"A product that uses an AI model, an interface, and sometimes tools to help people complete tasks. When you ask a calendar assistant about tomorrow afternoon, the…",ok
AI Hallucination,https://vibe-hub.org/en/ai-hallucination,en,ai-hallucination,pages/en/ai-hallucination.md,"An AI hallucination is information a model generates that looks credible but is inaccurate, unsupported, or invented. An AI can invent venue hours, a nonexistent link…",ok
Alert,https://vibe-hub.org/en/alert,en,alert,pages/en/alert.md,"Keep an important message or warning visible on the page. An alert sits near the related content and explains a status, risk, or problem without blocking the whole…",ok
Anchor,https://vibe-hub.org/en/anchor,en,anchor,pages/en/anchor.md,"Jump to a named section on the same long page. Anchor navigation helps people scan and jump within documentation, policies, and other long pages. Keep section labels…",ok
Animation,https://vibe-hub.org/en/animation,en,animation,pages/en/animation.md,"Run a planned sequence of visual changes. Animation can repeat, play through keyframes, or express a larger state change that a simple transition cannot. Use it to…",ok
API,https://vibe-hub.org/en/api,en,api,pages/en/api.md,"An agreed way for two pieces of software to request and return information. For example, a weather app can ask a weather service for today's Shenzhen forecast and…",ok
Authentication,https://vibe-hub.org/en/authentication,en,authentication,pages/en/authentication.md,"Verify who is making the request. Authentication proves an identity through a password, passkey, one-time code, or trusted provider and then maintains a session. Store…",ok
Authorization,https://vibe-hub.org/en/authorization,en,authorization,pages/en/authorization.md,Decide what an authenticated user is allowed to see or change. Authorization checks permissions for each resource and action after the user's identity is known. A…,ok
AutoComplete,https://vibe-hub.org/en/auto-complete,en,auto-complete,pages/en/auto-complete.md,"Show matching suggestions while the user types. Autocomplete works for addresses, contacts, and tags that have common answers but may still allow free text. The user…",ok
Avatar,https://vibe-hub.org/en/avatar,en,avatar,pages/en/avatar.md,"Represent a person, team, or organization visually. An avatar may be a photo, initials, illustration, or logo; it does not have to be a circular face. Member lists and…",ok
BackTop,https://vibe-hub.org/en/back-top,en,back-top,pages/en/back-top.md,"Return quickly to the top of a long page. A back-to-top control is useful after substantial scrolling, especially when important navigation sits at the top. Keep it out…",ok
Backdrop Blur,https://vibe-hub.org/en/backdrop-blur,en,backdrop-blur,pages/en/backdrop-blur.md,Blur the content behind a translucent surface. Backdrop blur creates a frosted-glass effect by blurring what is behind a partly transparent element. It can separate a…,ok
Backend,https://vibe-hub.org/en/backend,en,backend,pages/en/backend.md,"The server-side part people usually cannot see that handles requests and data. After someone submits a sign-up form, the backend checks the phone number and code…",ok
Backend Framework,https://vibe-hub.org/en/backend-framework,en,backend-framework,pages/en/backend-framework.md,"Use a shared structure for routes, requests, data, and server behavior. A backend framework supplies conventions and tools for routing, input handling, middleware…",ok
Badge,https://vibe-hub.org/en/badge,en,badge,pages/en/badge.md,"Add a count or compact status next to another object. A badge sits beside an icon, tab, or avatar to show a count, short label, or status dot, such as unread messages.…",ok
BorderRadius,https://vibe-hub.org/en/border-radius,en,border-radius,pages/en/border-radius.md,"Round the corners of a box. Border radius changes sharp corners into rounded ones and helps set the visual tone of controls, cards, and images. Define a small set of…",ok
Box Model,https://vibe-hub.org/en/box-model,en,box-model,pages/en/box-model.md,"The box model is the browser's rule for the space used by an element's content, padding, border, and margin. A card with 320px of content width can occupy more after…",ok
Branch,https://vibe-hub.org/en/branch,en,branch,pages/en/branch.md,"Develop an independent line of work without changing the main line. A branch is a movable name pointing to a series of commits. It lets a feature, fix, or experiment…",ok
Breadcrumb,https://vibe-hub.org/en/breadcrumb,en,breadcrumb,pages/en/breadcrumb.md,Show the path from a broad section to the current page. Breadcrumbs help people understand where a deeply nested page sits and let them move back to a parent level.…,ok
Browser Storage,https://vibe-hub.org/en/browser-storage,en,browser-storage,pages/en/browser-storage.md,"Browser storage is a local web mechanism for keeping data in a person's current browser. It can remember dark mode, an unsubmitted form draft, or recently viewed…",ok
Build,https://vibe-hub.org/en/build,en,build,pages/en/build.md,"A build converts source code, dependencies, and configuration into a runnable or releasable artifact. Front-end source can build into a `dist` folder and service code…",ok
Button,https://vibe-hub.org/en/button,en,button,pages/en/button.md,"Click to save, submit, delete, or run another action. A button runs an action on the current page, such as saving a form, creating a project, or confirming a deletion.…",ok
Card,https://vibe-hub.org/en/card,en,card,pages/en/card.md,"Keep information about one item in a single block. A card usually groups an image, title, summary, and actions for the same object. It works well for browsing similar…",ok
Card Grid,https://vibe-hub.org/en/card-grid-layout,en,card-grid-layout,pages/en/card-grid-layout.md,"Arrange similar cards in a responsive grid. A card grid helps people browse products, templates, articles, or projects with a shared visual structure. Define how…",ok
Carousel,https://vibe-hub.org/en/carousel,en,carousel,pages/en/carousel.md,"Show several panels one at a time in the same space. A carousel often appears in promotional banners and onboarding, but later slides are easy to miss. Do not place…",ok
Cascader,https://vibe-hub.org/en/cascader,en,cascader,pages/en/cascader.md,"Choose a path one level at a time. A cascader works for data such as country, state, and city or a nested product category. Keep the current path visible and explain…",ok
CD,https://vibe-hub.org/en/cd,en,cd,pages/en/cd.md,"CD keeps verified versions continuously releasable, or releases them to production automatically under defined rules. Continuous delivery keeps a version through the…",ok
CDN,https://vibe-hub.org/en/cdn,en,cdn,pages/en/cdn.md,"Serve static files from locations closer to visitors. A content delivery network caches images, scripts, styles, and sometimes pages across many edge locations. It can…",ok
Centered Column,https://vibe-hub.org/en/centered-layout,en,centered-layout,pages/en/centered-layout.md,"Keep one narrow content column centered on the page. A centered column focuses attention on reading or one simple task such as signing in, composing a post, or changing…",ok
Centering,https://vibe-hub.org/en/centering,en,centering,pages/en/centering.md,"Align an element to the middle of the available space. Centering may mean horizontal alignment, vertical alignment, or both. Text can use text alignment, a fixed-width…",ok
Chart,https://vibe-hub.org/en/chart,en,chart,pages/en/chart.md,"A chart is a way to compare and understand data through visual encodings such as position, length, size, or color. A line chart can show orders changing by month, while…",ok
Chat UI,https://vibe-hub.org/en/chat-ui,en,chat-ui,pages/en/chat-ui.md,"A chat UI is the interactive interface that organizes a message list, input area, and conversation feedback states. After someone sends a question, the interface should…",ok
Checkbox,https://vibe-hub.org/en/checkbox,en,checkbox,pages/en/checkbox.md,"Choose one, several, or none of the options. Checkboxes work for interests, filters, and other choices that are independent of one another. A single checkbox can also…",ok
CI,https://vibe-hub.org/en/ci,en,ci,pages/en/ci.md,"CI is the practice of automatically building and testing changes as they enter shared code, so integration problems appear early. A PR can automatically run lint, unit…",ok
Clone,https://vibe-hub.org/en/clone,en,clone,pages/en/clone.md,"Create a local copy of a remote repository and its history. Clone downloads a repository, creates a working directory, and configures the original location as a remote.…",ok
Collapse,https://vibe-hub.org/en/collapse,en,collapse,pages/en/collapse.md,Hide secondary details until the user asks for them. A collapse panel shows a heading first and expands the body on request. It suits FAQs and advanced settings. Do not…,ok
ColorPicker,https://vibe-hub.org/en/color-picker,en,color-picker,pages/en/color-picker.md,"A form control for viewing and choosing a color value. Use a color picker for a theme, chart series, or drawing tool. Along with the palette, show a copyable value…",ok
Commit,https://vibe-hub.org/en/commit,en,commit,pages/en/commit.md,"Save one meaningful set of changes in the project history. A commit records selected changes with an author, time, and message. Before undoing work, distinguish…",ok
Component,https://vibe-hub.org/en/component,en,component,pages/en/component.md,"A component is a unit that groups a reusable piece of interface with the behavior it owns. For example, a product card can be shared by the home page, search results…",ok
Context Engineering,https://vibe-hub.org/en/context-engineering,en,context-engineering,pages/en/context-engineering.md,"Selecting, maintaining, and retrieving the information an AI agent needs for each turn. For a long login-fix task, give the agent the error, relevant files, confirmed…",ok
Context Window,https://vibe-hub.org/en/context-window,en,context-window,pages/en/context-window.md,"The total amount of input and output a model can process in one request. After a long chat, “follow the first requirement” can fail if that requirement was not included…",ok
Conversation History,https://vibe-hub.org/en/conversation-history,en,conversation-history,pages/en/conversation-history.md,"Earlier messages a product brings into a new request so the assistant can understand references. When you say “make the second one shorter,” the product can bring back…",ok
Corner Feel,https://vibe-hub.org/en/corner-feel,en,corner-feel,pages/en/corner-feel.md,"Use corner shape to support the product's visual tone. Sharp, softly rounded, and pill-shaped corners can make a page feel different, but the effect comes from…",ok
CORS,https://vibe-hub.org/en/cors,en,cors,pages/en/cors.md,CORS is the browser security mechanism that lets a page read a cross-origin response only after the server explicitly permits it. When a page on `app.example.com`…,ok
CTA,https://vibe-hub.org/en/cta,en,cta,pages/en/cta.md,"Tell visitors the next action you want them to take. A call to action turns the page's message into a concrete next step, such as Start free, Book a demo, or Download.…",ok
Cursor,https://vibe-hub.org/en/cursor,en,cursor,pages/en/cursor.md,"The mouse pointer changes shape to preview whether an area can be clicked, typed in, dragged, or is currently unavailable. When a mouse moves over an element, CSS…",ok
Dark Mode,https://vibe-hub.org/en/dark-mode,en,dark-mode,pages/en/dark-mode.md,"Dark mode is a switchable dark interface theme state, not merely a page with a black background. When someone chooses dark mode or their system prefers it, backgrounds…",ok
Validation,https://vibe-hub.org/en/data-validation,en,data-validation,pages/en/data-validation.md,"Check that incoming data has the expected shape and allowed values. A required field can be checked when someone leaves it, while cross-field rules usually need a…",ok
Database,https://vibe-hub.org/en/database,en,database,pages/en/database.md,"Store and find application data such as users, posts, and orders. After someone publishes a post, the backend stores it so it remains available after refresh or…",ok
DatePicker,https://vibe-hub.org/en/date-picker,en,date-picker,pages/en/date-picker.md,Choose a date or date range from a calendar. A date picker reduces ambiguity by showing dates in a calendar. It may select one day or a range. State the allowed dates…,ok
Deployment,https://vibe-hub.org/en/deployment,en,deployment,pages/en/deployment.md,"Build the project and make it available on a server. Deployment turns source code into a running website or service. It may install dependencies, build assets, set…",ok
Descriptions,https://vibe-hub.org/en/descriptions,en,descriptions,pages/en/descriptions.md,"Show the field names and values of one record. A description list pairs labels with read-only values for an order, account, or project. It may look similar to a form…",ok
Design Token,https://vibe-hub.org/en/design-token,en,design-token,pages/en/design-token.md,"A design token is a named variable that centrally stores and reuses design values such as color, spacing, and typography. A primary button color can be named…",ok
Diff,https://vibe-hub.org/en/diff,en,diff,pages/en/diff.md,"See exactly what changed between two states. A diff shows added, removed, and modified lines between the working tree, staged changes, commits, or branches. Read it…",ok
Disabled,https://vibe-hub.org/en/disabled,en,disabled,pages/en/disabled.md,Show that a control is currently unavailable. A disabled control cannot be operated in the current state. Use it when the action is visible and its future availability…,ok
Divider,https://vibe-hub.org/en/divider,en,divider,pages/en/divider.md,"Use a line to separate two different groups of content. A divider shows that one group has ended and another has begun. It works between list sections, menu groups, and…",ok
DNS,https://vibe-hub.org/en/dns,en,dns,pages/en/dns.md,"Connect a domain name to the service that should answer. DNS translates a domain into records that direct browsers and other clients to a host, email service, or…",ok
Doc Layout,https://vibe-hub.org/en/doc-layout,en,doc-layout,pages/en/doc-layout.md,"Combine section navigation, article content, and an on-page outline. A documentation layout often uses a left navigation for pages, a readable center column for the…",ok
Domain,https://vibe-hub.org/en/domain,en,domain,pages/en/domain.md,"Give a website a human-readable address. A domain name is the address people type, such as example.com. It is registered separately from the server that hosts the site…",ok
Drag,https://vibe-hub.org/en/drag,en,drag,pages/en/drag.md,"Move or reorder an item by holding and pulling it. Drag interaction works for rearranging cards, moving files, and choosing a range. Show what can be grabbed, where it…",ok
Drawer,https://vibe-hub.org/en/drawer,en,drawer,pages/en/drawer.md,"Slide in a side panel without leaving the current page. A drawer keeps the current page visible while showing details, filters, navigation, or a short editing task from…",ok
Dropdown,https://vibe-hub.org/en/dropdown,en,dropdown,pages/en/dropdown.md,Open a compact menu of actions or destinations. A dropdown keeps secondary choices behind a trigger when showing them all would add clutter. Name the trigger clearly…,ok
End-to-End Test,https://vibe-hub.org/en/e2e-test,en,e2e-test,pages/en/e2e-test.md,"An end-to-end test follows a complete system flow from a user's entry point to the final result. A browser can register, sign in, create a trip, and reach confirmation…",ok
Easing,https://vibe-hub.org/en/easing,en,easing,pages/en/easing.md,Control how motion speeds up and slows down. Easing changes the pace of a transition or animation over time. Ease-out often feels responsive for an element entering…,ok
Empty,https://vibe-hub.org/en/empty,en,empty,pages/en/empty.md,"Explain why no data is shown and what to do next. An empty state should not leave a blank area. Tell people what normally appears there, why it is empty now, and…",ok
Frontend Terms for Vibe Coding,https://vibe-hub.org/en,en,en,pages/en/index.md,"A visual glossary for people building with vibe coding. Explore frontend, backend, tech stack, AI, Git, and design terms through interfaces, real use cases, and clear…",ok
Env Var,https://vibe-hub.org/en/env-var,en,env-var,pages/en/env-var.md,"Provide configuration outside the source code. Environment variables supply values such as API endpoints, feature settings, and secret keys when a program starts.…",ok
Fade In / Out,https://vibe-hub.org/en/fade,en,fade,pages/en/fade.md,"Reveal or hide an element by changing its opacity. A fade is a simple transition between transparent and visible states. It works for overlays, messages, and content…",ok
FAQ,https://vibe-hub.org/en/faq,en,faq,pages/en/faq.md,"Answer common questions before visitors need to ask. A FAQ section handles repeated questions about price, setup, policy, or fit. Write questions in the visitor's…",ok
Feature Flag,https://vibe-hub.org/en/feature-flag,en,feature-flag,pages/en/feature-flag.md,A feature flag enables or disables a code path at runtime according to configuration or user conditions. The same deployed code can send employees to a new…,ok
File,https://vibe-hub.org/en/file,en,file,pages/en/file.md,"A UI row or card that shows one document, image, or attachment and its status. An upload list might show `project-plan.pdf`, 2.4 MB, and Uploaded. Make the filename…",ok
Filter,https://vibe-hub.org/en/filter,en,filter,pages/en/filter.md,"Filtering is a feature that narrows the current content collection using existing properties or conditions. A task list can keep only items matching owner, status, and…",ok
Flaky Test,https://vibe-hub.org/en/flaky-test,en,flaky-test,pages/en/flaky-test.md,"A flaky test sometimes passes and sometimes fails when the code has not changed. The same CI commit can time out occasionally, or parallel tests can race for one…",ok
Flex,https://vibe-hub.org/en/flex,en,flex,pages/en/flex.md,"Arrange items along one row or one column. Flexbox lays items out on a single main axis and handles alignment, spacing, wrapping, and flexible size. It is a good fit…",ok
Focus,https://vibe-hub.org/en/focus,en,focus,pages/en/focus.md,Show which element will receive keyboard input. Focus identifies the interactive element currently controlled by the keyboard or another input method. A visible focus…,ok
Footer,https://vibe-hub.org/en/footer,en,footer,pages/en/footer.md,"End the page with useful links, identity, and required information. A footer gives visitors another route to important pages and carries company details, legal links…",ok
Form,https://vibe-hub.org/en/form,en,form,pages/en/form.md,Collect several fields and submit them as one task. A form organizes multiple inputs into a task such as creating an account or placing an order. It needs clear labels…,ok
Frontend,https://vibe-hub.org/en/frontend,en,frontend,pages/en/frontend.md,"The layer people directly see, click, and type into. On a sign-up page, the fields, submit button, and pending, success, or error messages belong to the frontend…",ok
Git,https://vibe-hub.org/en/git,en,git,pages/en/git.md,"Keep a history of code changes so work can be compared and restored. Git records snapshots of a project and lets people compare changes, create independent branches…",ok
.gitignore,https://vibe-hub.org/en/gitignore,en,gitignore,pages/en/gitignore.md,"Tell Git which untracked files should stay out of version control. .gitignore patterns keep generated files, dependencies, local settings, and secrets from being added…",ok
Gradient,https://vibe-hub.org/en/gradient,en,gradient,pages/en/gradient.md,"Blend colors gradually across an area. A gradient moves smoothly between two or more colors. It can add depth, direction, or emphasis to a background and illustration.…",ok
Grid,https://vibe-hub.org/en/grid,en,grid,pages/en/grid.md,"Plan rows and columns as one layout system. CSS Grid controls two-dimensional layouts where rows and columns work together. It suits galleries, dashboards, and page…",ok
Header,https://vibe-hub.org/en/header,en,header,pages/en/header.md,"The top section of a page that introduces the site or page and often contains navigation. A Header usually holds the brand and the paths people need first, such as main…",ok
Hero,https://vibe-hub.org/en/hero,en,hero,pages/en/hero.md,"Use the opening area to explain the page's main point and next step. The Hero usually sits directly below the Header or Navbar. It may combine a headline, supporting…",ok
Hover,https://vibe-hub.org/en/hover,en,hover,pages/en/hover.md,Respond when a pointer rests over an interactive element. Hover can preview that an item is interactive or reveal secondary detail before a click. It does not exist on…,ok
HTML,https://vibe-hub.org/en/html,en,html,pages/en/html.md,"Describe the structure and meaning of a web page. HTML organizes a page into headings, paragraphs, links, forms, images, and other meaningful elements. CSS controls…",ok
HTTP,https://vibe-hub.org/en/http,en,http,pages/en/http.md,"Send a request and receive a response over the web. HTTP is the request-response protocol browsers and APIs use. A request includes a method, URL, headers, and…",ok
HTTPS,https://vibe-hub.org/en/https,en,https,pages/en/https.md,Encrypt the connection between the browser and the website. HTTPS is HTTP protected by TLS. It helps prevent other parties on the network from reading or changing the…,ok
Icon,https://vibe-hub.org/en/icon,en,icon,pages/en/icon.md,"A small, consistent visual symbol for an action, object, or status. Familiar icons such as search, download, and close help people scan quickly. For an unfamiliar or…",ok
Image,https://vibe-hub.org/en/image,en,image,pages/en/image.md,"Display an image with the right size, crop, and fallback. An image component can handle aspect ratio, cropping, lazy loading, preview, and loading failure consistently.…",ok
Input,https://vibe-hub.org/en/input,en,input,pages/en/input.md,"Let the user enter one line of text. Use a text input for an account name, nickname, search query, or anything else that fits on one line. Give it a label that stays…",ok
InputNumber,https://vibe-hub.org/en/input-number,en,input-number,pages/en/input-number.md,"Enter a number with a defined range and step. A number input works for quantity, stock, price, and other numeric values. It can limit the format, minimum, maximum, and…",ok
Integration Test,https://vibe-hub.org/en/integration-test,en,integration-test,pages/en/integration-test.md,"An integration test verifies that multiple modules or dependencies cooperate correctly. A registration form sends a name to an API, the API writes a database, then…",ok
JavaScript,https://vibe-hub.org/en/javascript,en,javascript,pages/en/javascript.md,"A programming language that makes a web page respond to actions and data. When someone marks a task complete, browser JavaScript can send a request, receive the updated…",ok
JSON,https://vibe-hub.org/en/json,en,json,pages/en/json.md,"Represent structured data as text that programs can exchange. JSON stores objects, arrays, strings, numbers, booleans, and null in a widely supported text format. APIs…",ok
Label,https://vibe-hub.org/en/label,en,label,pages/en/label.md,Visible text that tells people what a form control asks for. An Email label on a sign-in form should stay visible and focus its matching input when clicked. Put…,ok
Link,https://vibe-hub.org/en/link,en,link,pages/en/link.md,"Click to open another page, location, or file. A link takes people to another page, a place on the same page, or a downloadable file. Its text should make the…",ok
Lint,https://vibe-hub.org/en/lint,en,lint,pages/en/lint.md,Lint is static checking that uses source rules to find suspicious patterns and consistency problems without running the full program. Lint can locate unused variables…,ok
List,https://vibe-hub.org/en/list,en,list,pages/en/list.md,"Show similar items one after another. A list repeats the same structure for messages, articles, contacts, or other items that people scan from top to bottom. It is more…",ok
Margin,https://vibe-hub.org/en/margin,en,margin,pages/en/margin.md,"Create space outside an element. Margin controls the space between an element and the things around it. It helps separate groups, but it does not add room inside a box.…",ok
Markdown,https://vibe-hub.org/en/markdown,en,markdown,pages/en/markdown.md,"Write structured text with lightweight punctuation. Markdown uses simple characters for headings, lists, links, code, and emphasis. It is convenient for documentation…",ok
Model Context Protocol,https://vibe-hub.org/en/mcp,en,mcp,pages/en/mcp.md,"A protocol for connecting AI applications to external tools and sources such as calendars, files, and databases. With a calendar MCP server connected, an agent can…",ok
Menu,https://vibe-hub.org/en/menu,en,menu,pages/en/menu.md,"Help people move between the main sections of a product. A menu groups destinations and makes the current location visible. Keep labels consistent, group related items…",ok
Merge,https://vibe-hub.org/en/merge,en,merge,pages/en/merge.md,"Combine the commits from one branch into another. Merge brings two lines of history together. Git can combine independent changes automatically, but overlapping edits…",ok
Modal,https://vibe-hub.org/en/modal,en,modal,pages/en/modal.md,Pause the page for one focused decision or task. A modal appears above the page when the user must review or complete a focused task before continuing. It needs a clear…,ok
Monitoring,https://vibe-hub.org/en/monitoring,en,monitoring,pages/en/monitoring.md,"Monitoring continuously observes production metrics, logs, and alerts to find anomalies and judge system health. A login error rate can cross a threshold, trigger an…",ok
Multimodal AI,https://vibe-hub.org/en/multimodal,en,multimodal,pages/en/multimodal.md,"AI that can combine information such as text, images, audio, or video in one task. Send a screenshot of a phone checkout page with the question “Why is the payment…",ok
MVP,https://vibe-hub.org/en/mvp,en,mvp,pages/en/mvp.md,"The smallest real product or experiment that tests a key product assumption. To test whether freelancers will pay for payment reminders, a team can charge real…",ok
Navbar,https://vibe-hub.org/en/navbar,en,navbar,pages/en/navbar.md,"Keep the brand, main destinations, and key action easy to reach. A website navbar helps visitors understand where they can go and how to return home. Keep the number of…",ok
Next.js,https://vibe-hub.org/en/nextjs,en,nextjs,pages/en/nextjs.md,"A React framework for building full websites and web applications. When someone opens `/products/42`, Next.js can find that product page and fetch product data on the…",ok
Notification,https://vibe-hub.org/en/notification,en,notification,pages/en/notification.md,"Notify the user about an event with a title and details. A notification carries more information than a toast and suits background jobs, activity from other people, and…",ok
npm,https://vibe-hub.org/en/npm,en,npm,pages/en/npm.md,Install JavaScript packages and run project scripts. npm is a package manager and command runner for JavaScript projects. package.json records dependencies and named…,ok
Opacity,https://vibe-hub.org/en/opacity,en,opacity,pages/en/opacity.md,"Make an element and its contents more transparent. Opacity changes the transparency of an entire element, including its children. It can soften secondary or disabled…",ok
Overflow,https://vibe-hub.org/en/overflow,en,overflow,pages/en/overflow.md,"Overflow is the rule for how the browser shows, clips, or scrolls content that exceeds a container's available space. When a card has a fixed height, longer content can…",ok
Padding,https://vibe-hub.org/en/padding,en,padding,pages/en/padding.md,"Create space between a box and its content. Padding adds room inside an element, between its border and its content. It affects the visible size and click area of…",ok
Pagination,https://vibe-hub.org/en/pagination,en,pagination,pages/en/pagination.md,Move through a large result set in separate pages. Pagination breaks a long result set into stable pages and works well when people need to return to a position or…,ok
Popconfirm,https://vibe-hub.org/en/popconfirm,en,popconfirm,pages/en/popconfirm.md,"Ask for confirmation next to the action that caused it. A popconfirm is a small confirmation panel anchored to a button or link. It works for a simple, local action…",ok
Popover,https://vibe-hub.org/en/popover,en,popover,pages/en/popover.md,"Open a small panel with extra information or controls. A popover is anchored to a trigger and can contain richer content than a tooltip, such as a preview, explanation…",ok
Port,https://vibe-hub.org/en/port,en,port,pages/en/port.md,"A port is a numbered network entry that distinguishes services on the same host. After `npm run dev`, a page commonly opens at `http://localhost:3000`, while an API on…",ok
Position,https://vibe-hub.org/en/position,en,position,pages/en/position.md,"Place an element in normal flow, against a parent, or against the viewport. CSS position decides how an element is placed and whether offsets such as top and left…",ok
PRD,https://vibe-hub.org/en/prd,en,prd,pages/en/prd.md,"A product document that defines the user problem, scope, and success criteria. Before a team builds one-click meeting-notes export, a PRD explains who needs it, what…",ok
Pricing,https://vibe-hub.org/en/pricing,en,pricing,pages/en/pricing.md,"Help visitors compare plans, cost, and included value. A pricing section should make plan differences, billing periods, limits, and extra fees understandable. Highlight…",ok
Progress,https://vibe-hub.org/en/progress,en,progress,pages/en/progress.md,"Show how much of a task has been completed. A progress indicator helps people understand the state of an upload, installation, or multi-step task. Use a percentage when…",ok
Pull,https://vibe-hub.org/en/pull,en,pull,pages/en/pull.md,Download remote changes and integrate them into the current branch. Git pull usually runs fetch and then merge or rebase. It updates the current branch with work from…,ok
Pull Request,https://vibe-hub.org/en/pull-request,en,pull-request,pages/en/pull-request.md,"Ask others to review and merge the work from one branch. A pull request is a collaboration feature on Git hosting platforms, not a core Git command. It collects the…",ok
Push,https://vibe-hub.org/en/push,en,push,pages/en/push.md,"Upload local commits to a remote repository. Push sends commits and branch references to a remote such as GitHub. It shares committed history, not uncommitted files.…",ok
Python,https://vibe-hub.org/en/python,en,python,pages/en/python.md,A programming language often used to automate work on a computer or server. A Python script can read three Markdown notes and write their titles into `summary.csv`. It…,ok
Quote,https://vibe-hub.org/en/quote,en,quote,pages/en/quote.md,"A sourced quotation or excerpt set apart from the surrounding text. Use indentation, quotation marks, or a rule to separate an expert’s words or customer feedback from…",ok
Radio,https://vibe-hub.org/en/radio,en,radio,pages/en/radio.md,Choose exactly one option from a small set. Radio buttons show mutually exclusive choices such as payment method or visibility. Give the group a clear question and keep…,ok
Rate,https://vibe-hub.org/en/rate,en,rate,pages/en/rate.md,"Express a rating with stars or ordered levels. A rating control lets people show satisfaction on an ordered scale, often with five stars. Pair the graphic with a…",ok
Rate Limit,https://vibe-hub.org/en/rate-limit,en,rate-limit,pages/en/rate-limit.md,"A service limit on requests, tokens, or concurrent tasks within a period of time. After a limit is reached, a request may wait, slow down, or return 429. The exact…",ok
React,https://vibe-hub.org/en/react,en,react,pages/en/react.md,"A JavaScript library for building interactive interfaces from components and state. After an item is added to a cart, React can update the count from 2 to 3. Whether…",ok
ReAct,https://vibe-hub.org/en/react-pattern,en,react-pattern,pages/en/react-pattern.md,"A task pattern where an agent decides, acts with a tool, observes the result, and decides again. While researching competitors, an agent can decide what is missing…",ok
Redirect,https://vibe-hub.org/en/redirect,en,redirect,pages/en/redirect.md,"A redirect is a mechanism that sends a visit from one URL to another URL. When a product is renamed, an old link can automatically lead to its matching new address…",ok
Regression Test,https://vibe-hub.org/en/regression-test,en,regression-test,pages/en/regression-test.md,"Regression testing checks that a change has not broken functionality that previously worked. After tax changes, rerun payment, coupons, and confirmation; after…",ok
TTFT / TPS,https://vibe-hub.org/en/response-speed,en,response-speed,pages/en/response-speed.md,Measures of time to first output and of token generation speed after output begins. TTFT measures time from sending a request to receiving the first token. TPS measures…,ok
Responsive Design,https://vibe-hub.org/en/responsive-design,en,responsive-design,pages/en/responsive-design.md,"Responsive design is the practice of adapting one interface's layout and interaction to available space and device capabilities. At 1440px, a site may show three card…",ok
Result,https://vibe-hub.org/en/result,en,result,pages/en/result.md,"Explain the final outcome and the next available step. A result page or panel marks the end of a task, such as payment success, submission failure, or an empty…",ok
Rollback,https://vibe-hub.org/en/rollback,en,rollback,pages/en/rollback.md,"Rollback restores a system or configuration to a previous known-good state to stop current impact. If v2 causes abnormal login errors, switch the running image or…",ok
Route & Endpoint,https://vibe-hub.org/en/route,en,route,pages/en/route.md,"Match a request path and method to the code that handles it. A backend route, or endpoint, defines where a request goes and which methods it accepts. For example, GET…",ok
Search,https://vibe-hub.org/en/search,en,search,pages/en/search.md,"Search is a feature that uses a person's keywords to find potentially relevant results in a collection. After someone enters “budget,” projects whose name, description…",ok
Segmented,https://vibe-hub.org/en/segmented,en,segmented,pages/en/segmented.md,"Switch quickly between a few short, exclusive modes. A segmented control keeps several short options visible together. It often changes a view, sort order, or time…",ok
Select,https://vibe-hub.org/en/select,en,select,pages/en/select.md,Choose one value from a collapsed list. Use a select when answers come from a fixed list but do not need to stay visible all the time. A few options are clearer as…,ok
Selection,https://vibe-hub.org/en/selection,en,selection,pages/en/selection.md,"Show which text or items the user has selected. Selection highlights the text, rows, files, or objects included in the next action. Keep it distinct from hover and…",ok
SEO,https://vibe-hub.org/en/seo,en,seo,pages/en/seo.md,"SEO is ongoing work that helps search engines understand, discover, and present web content. A help article that truly answers a question with clear headings, body…",ok
Serif & Sans,https://vibe-hub.org/en/serif-sans,en,serif-sans,pages/en/serif-sans.md,Choose letterforms that match the content and reading task. Serif typefaces have finishing strokes; sans-serif typefaces do not. Neither is automatically more readable…,ok
Server Logs,https://vibe-hub.org/en/server-log,en,server-log,pages/en/server-log.md,"Record what the server did so problems can be traced. Server logs capture requests, errors, background jobs, and important state changes. Useful logs include time…",ok
Serverless,https://vibe-hub.org/en/serverless,en,serverless,pages/en/serverless.md,"Run backend code on demand without managing a long-running server. A serverless function is deployed to a managed platform and starts when an HTTP request, schedule, or…",ok
shadcn/ui,https://vibe-hub.org/en/shadcn-ui,en,shadcn-ui,pages/en/shadcn-ui.md,"A collection of editable UI component code that you add to a React project. Adding Button puts component files in your project, so changing those files changes the…",ok
Shadow,https://vibe-hub.org/en/shadow,en,shadow,pages/en/shadow.md,"Use light and depth to separate overlapping surfaces. A shadow can show that a menu, dialog, or card sits above another surface. It should support a real layer…",ok
Sidebar,https://vibe-hub.org/en/sidebar-layout,en,sidebar-layout,pages/en/sidebar-layout.md,"Keep navigation in a vertical column beside the content. A sidebar suits products with many sections, grouped tools, or workspaces that users switch between often. Give…",ok
Single Page,https://vibe-hub.org/en/single-page-layout,en,single-page-layout,pages/en/single-page-layout.md,"Arrange a complete story in sections down one scrolling page. A single-page layout guides visitors through a sequence such as value, proof, features, pricing, and…",ok
Skeleton,https://vibe-hub.org/en/skeleton,en,skeleton,pages/en/skeleton.md,Reserve the layout while content is loading. A skeleton roughly matches the shape of incoming content so the page stays stable during a short load. It should not be a…,ok
Skill,https://vibe-hub.org/en/skill,en,skill,pages/en/skill.md,"A structured folder—usually starting with `SKILL.md`—that gives an AI agent reusable instructions and supporting files. A Skill can include instructions, scripts…",ok
SkipLink,https://vibe-hub.org/en/skip-link,en,skip-link,pages/en/skip-link.md,A link that lets keyboard users skip repeated navigation and move to the main content. A skip link appears when someone starts tabbing through a page and moves focus…,ok
Slider,https://vibe-hub.org/en/slider,en,slider,pages/en/slider.md,"Drag to adjust a value within a range. A slider is useful for quickly changing volume, brightness, or a price range. Show the limits and current value, and make the…",ok
Smoke Test,https://vibe-hub.org/en/smoke-test,en,smoke-test,pages/en/smoke-test.md,"A smoke test uses a few critical checks after a new build to decide whether the system is worth deeper testing. A new version can open home, log in, and call a core API…",ok
SocialProof,https://vibe-hub.org/en/social-proof,en,social-proof,pages/en/social-proof.md,"Support a product claim with evidence from real use. Social proof can include customer logos, measured results, reviews, certifications, or case studies. Choose…",ok
Space,https://vibe-hub.org/en/space,en,space,pages/en/space.md,"Use empty space to show which things belong together. Related items should sit close together, while separate groups need more room between them. That empty room is…",ok
Spinner,https://vibe-hub.org/en/spinner,en,spinner,pages/en/spinner.md,"A rotating indicator that shows a short, indeterminate wait. Use a spinner for a brief wait with no reliable completion percentage, such as a submit button, local…",ok
Spring,https://vibe-hub.org/en/spring,en,spring,pages/en/spring.md,Create motion that settles with weight and elasticity. Spring motion is defined by physical-style values such as stiffness and damping rather than only a fixed curve.…,ok
SQL,https://vibe-hub.org/en/sql,en,sql,pages/en/sql.md,"Ask a relational database to read or change structured records. SQL can select, filter, join, insert, update, and delete data in relational databases. Parameterize user…",ok
Staging,https://vibe-hub.org/en/staging,en,staging,pages/en/staging.md,Staging is an isolated pre-production environment used to validate a candidate release under production-like conditions. A candidate version can run in staging with…,ok
Stash,https://vibe-hub.org/en/stash,en,stash,pages/en/stash.md,Temporarily set aside uncommitted changes. Stash stores selected working changes and restores a cleaner directory so another task can proceed. It is useful for short…,ok
State,https://vibe-hub.org/en/state,en,state,pages/en/state.md,"State is information the interface needs to remember right now and that can change from actions or results. A form submitting, a modal being open, a cart count, and the…",ok
Stateless Request,https://vibe-hub.org/en/stateless-request,en,stateless-request,pages/en/stateless-request.md,"A model request that must include the context it needs each time. If you send only “make the second one shorter” without the earlier titles, the model cannot know what…",ok
Statistic,https://vibe-hub.org/en/statistic,en,statistic,pages/en/statistic.md,"Highlight a small number of important values. A statistic combines a label, value, unit, and sometimes a trend. If a number went up or down, say what time period or…",ok
Steps,https://vibe-hub.org/en/steps,en,steps,pages/en/steps.md,Show progress through a task with several required stages. A step indicator shows where the user is in a fixed process such as checkout or setup. Use clear stage names…,ok
Sticky,https://vibe-hub.org/en/sticky,en,sticky,pages/en/sticky.md,"Keep an element visible after scrolling reaches it. Sticky positioning lets a header, table heading, or section navigation follow the viewport within its container. It…",ok
Streaming Response,https://vibe-hub.org/en/streaming-response,en,streaming-response,pages/en/streaming-response.md,A response sent and displayed in consecutive pieces as it is generated. A chat answer can appear as if it is typing. An early first piece makes waiting feel shorter…,ok
Structured Output,https://vibe-hub.org/en/structured-output,en,structured-output,pages/en/structured-output.md,"Model output returned in an agreed, machine-checkable shape. To fill a calendar form from an email, a product can require fields such as title, date, and location with…",ok
Apple HIG,https://vibe-hub.org/en/style-apple,en,style-apple,pages/en/style-apple.md,"Use precise hierarchy, generous space, and polished product imagery. Apple-style web design combines large, controlled type, focused storytelling, high-quality product…",ok
Bento Grid,https://vibe-hub.org/en/style-bento,en,style-bento,pages/en/style-bento.md,Arrange different kinds of content in a clear modular grid. A bento grid places feature cards of different sizes into one structured composition. Larger cells signal…,ok
Neo-Brutalism,https://vibe-hub.org/en/style-brutalism,en,style-brutalism,pages/en/style-brutalism.md,"Use direct structure, strong contrast, and deliberately exposed construction. Neo-brutalist web design uses heavy outlines, bold type, simple shapes, hard shadows, and…",ok
DTC E-commerce,https://vibe-hub.org/en/style-commerce,en,style-commerce,pages/en/style-commerce.md,"Let product, brand feeling, and buying information work together toward a decision. DTC, or direct-to-consumer, describes a business model rather than a visual style.…",ok
Dark UI,https://vibe-hub.org/en/style-dark-tech,en,style-dark-tech,pages/en/style-dark-tech.md,Build clear hierarchy with a dark color scheme instead of simply turning the page black. Dark UI is an interface color scheme built primarily from dark backgrounds and…,ok
Editorial,https://vibe-hub.org/en/style-editorial,en,style-editorial,pages/en/style-editorial.md,"Use publication-style typography, imagery, and pacing to tell a story. Editorial web design borrows from magazines through expressive headlines, considered image crops…",ok
B2B Corporate Site,https://vibe-hub.org/en/style-enterprise,en,style-enterprise,pages/en/style-enterprise.md,"Build confidence through stable structure, concrete evidence, and real business context. A B2B corporate site is a website type for organizational buying, not a fixed…",ok
Flat Design,https://vibe-hub.org/en/style-flat,en,style-flat,pages/en/style-flat.md,"Use simple shapes, clear color, and minimal surface decoration. Flat design removes realistic texture and depth in favor of icons, type, color blocks, and direct…",ok
Glassmorphism,https://vibe-hub.org/en/style-glass,en,style-glass,pages/en/style-glass.md,"Use translucent, blurred surfaces to separate layered content. Glassmorphism combines transparent color, backdrop blur, light borders, and layered backgrounds. It can…",ok
Material Design,https://vibe-hub.org/en/style-material,en,style-material,pages/en/style-material.md,"Use a systematic component language with clear layers and motion. Material Design is Google's design system for components, layout, color, type, elevation, and motion.…",ok
Memphis,https://vibe-hub.org/en/style-memphis,en,style-memphis,pages/en/style-memphis.md,"Use bold geometry, pattern, and asymmetry for an energetic composition. Memphis design uses geometric shapes, dots, squiggles, contrasting color, and playful imbalance.…",ok
Minimalism,https://vibe-hub.org/en/style-minimal,en,style-minimal,pages/en/style-minimal.md,"Remove what does not help the task and make the remaining hierarchy clear. Modern minimalism uses restrained color, type, spacing, and decoration so the content and…",ok
Neumorphism,https://vibe-hub.org/en/style-neumorphism,en,style-neumorphism,pages/en/style-neumorphism.md,"Use paired soft shadows to make controls appear pressed from one surface. Neumorphism, or Soft UI, uses highlights and shadows on nearly identical foreground and…",ok
Notion Style,https://vibe-hub.org/en/style-notion,en,style-notion,pages/en/style-notion.md,"Use document-like structure, quiet surfaces, and practical controls. Notion-style interfaces feel close to an editable document: clear text hierarchy, compact icons…",ok
Organic Design,https://vibe-hub.org/en/style-organic,en,style-organic,pages/en/style-organic.md,"Create warmth through natural material, real people, and a gentler pace. Organic design uses flowing curves, irregular shapes, material texture, and earth colors drawn…",ok
Playful Illustration,https://vibe-hub.org/en/style-playful,en,style-playful,pages/en/style-playful.md,"Use distinctive character, shape, and feedback to make a product feel friendly and alive. Playful illustration is a visual direction that builds brand character through…",ok
SaaS Marketing Site,https://vibe-hub.org/en/style-saas,en,style-saas,pages/en/style-saas.md,"Place the value, product proof, and next action on one clear reading path. A SaaS marketing site is a common website pattern, not a formal visual movement. It organizes…",ok
Skeuomorphism,https://vibe-hub.org/en/style-skeuomorphism,en,style-skeuomorphism,pages/en/style-skeuomorphism.md,"Use familiar real-world form and material to explain a digital control. Skeuomorphism makes digital objects resemble physical ones through shape, texture, light, and…",ok
Swiss Style,https://vibe-hub.org/en/style-swiss,en,style-swiss,pages/en/style-swiss.md,"Build clarity through grid, typography, and objective visual order. Swiss Style uses a strong grid, sans-serif type, asymmetric composition, and disciplined spacing to…",ok
Terminal Aesthetic,https://vibe-hub.org/en/style-terminal,en,style-terminal,pages/en/style-terminal.md,"Borrow command-line language to feel direct, technical, and tool-like. A terminal aesthetic uses monospaced type, prompts, command output, and a restrained palette. It…",ok
Wabi-sabi,https://vibe-hub.org/en/style-wabisabi,en,style-wabisabi,pages/en/style-wabisabi.md,"Use natural material, space, and asymmetry to create a quiet pace. Wabi-sabi-inspired web design draws from natural color, material texture, negative space, and…",ok
Y2K,https://vibe-hub.org/en/style-y2k,en,style-y2k,pages/en/style-y2k.md,"Use glossy digital optimism, bright plastic color, and early-2000s references. Y2K design draws from the late 1990s and early 2000s: translucent plastic, chrome…",ok
Sub-agent,https://vibe-hub.org/en/sub-agent,en,sub-agent,pages/en/sub-agent.md,"A separate agent the main agent assigns to a bounded part of a larger task. Before release, a main agent can ask one sub-agent to review copy and another to check…",ok
Switch,https://vibe-hub.org/en/switch,en,switch,pages/en/switch.md,"Turn a setting on or off immediately. A switch shows whether a feature is currently on or off, such as dark mode or autosave. The change should take effect and show…",ok
System Prompt,https://vibe-hub.org/en/system-prompt,en,system-prompt,pages/en/system-prompt.md,Instructions an AI product gives the model behind the scenes to guide its behavior. A support assistant can be told to hand off refunds above $500. That rule can shape…,ok
Table,https://vibe-hub.org/en/table,en,table,pages/en/table.md,"Compare many records across the same columns. Tables suit orders, members, inventory, and other records that share the same fields. Sorting, filtering, and pagination…",ok
Tabs,https://vibe-hub.org/en/tabs,en,tabs,pages/en/tabs.md,"Switch between a few peer sections on the same page. Tabs work for sections such as Overview, Settings, and Logs under the same object. Keep the active tab obvious and…",ok
Tag,https://vibe-hub.org/en/tag,en,tag,pages/en/tag.md,"Mark a status, category, or selected condition with short text. Tags help people recognize status, category, and active filters at a glance. Color can support scanning…",ok
Tailwind CSS,https://vibe-hub.org/en/tailwind-css,en,tailwind-css,pages/en/tailwind-css.md,"A utility-first CSS framework that styles elements through small class names. Classes such as `p-6`, `rounded-xl`, and `border` give a card padding, rounded corners…",ok
Tech Stack,https://vibe-hub.org/en/tech-stack,en,tech-stack,pages/en/tech-stack.md,"The set of languages, frameworks, data services, and tools used to build and run software. A website might combine JavaScript, React, a database, build tools, and…",ok
Terminal,https://vibe-hub.org/en/terminal,en,terminal,pages/en/terminal.md,"Run text commands in a specific folder on your computer or server. A terminal gives you a prompt where commands can start tools, install packages, inspect files, and…",ok
Test Case,https://vibe-hub.org/en/test-case,en,test-case,pages/en/test-case.md,"A test case is one repeatable check that states preparation, action, input, and expected result. Prepare a registered account, enter its email with a wrong password…",ok
Test Coverage,https://vibe-hub.org/en/test-coverage,en,test-coverage,pages/en/test-coverage.md,"Test coverage measures how much of requirements, code structure, or risk paths have been reached by tests. Branch coverage can show whether the…",ok
Test Double,https://vibe-hub.org/en/test-double,en,test-double,pages/en/test-double.md,"A test double is a controllable object that replaces a real dependency during testing. When an order module requests payment, a double can reliably return success…",ok
Test Data and Fixture,https://vibe-hub.org/en/test-fixture,en,test-fixture,pages/en/test-fixture.md,Test data are input and state samples; a fixture is a reusable setup and cleanup mechanism. A fixed user and order JSON are test data. Creating an account and order…,ok
Text Truncate,https://vibe-hub.org/en/text-truncate,en,text-truncate,pages/en/text-truncate.md,"Shorten text that cannot fit in the available space. Text truncation keeps a title or filename from breaking a compact layout, usually with an ellipsis. It hides…",ok
Textarea,https://vibe-hub.org/en/textarea,en,textarea,pages/en/textarea.md,"Let the user enter several lines of text. Comments, descriptions, feedback, and prompts for AI often need a multiline textarea. Give it a useful starting height and…",ok
TimePicker,https://vibe-hub.org/en/time-picker,en,time-picker,pages/en/time-picker.md,"Choose a specific time within allowed hours. A time picker lets people choose hours and minutes, and sometimes seconds. Make the 12-hour or 24-hour format clear, define…",ok
Timeline,https://vibe-hub.org/en/timeline,en,timeline,pages/en/timeline.md,"Show a sequence of events in time order. A timeline works for shipping, approval records, and release history. Choose whether the newest event appears first or last and…",ok
Toast,https://vibe-hub.org/en/toast,en,toast,pages/en/toast.md,"Briefly confirm a small action that just finished. A toast is useful for lightweight feedback such as Saved, Copied, or Added. It normally disappears after a few…",ok
Token,https://vibe-hub.org/en/token,en,token,pages/en/token.md,"A small piece of text or code that a model reads and writes. Models split text, punctuation, and code into tokens using their own rules. Input and output token counts…",ok
Token Usage & Cost,https://vibe-hub.org/en/token-cost,en,token-cost,pages/en/token-cost.md,"The cumulative model tokens in a task and the price calculated from the model’s rate card. System rules, chat history, files, tool results, and model output all use…",ok
Tool Calling,https://vibe-hub.org/en/tool-calling,en,tool-calling,pages/en/tool-calling.md,"A model’s request for an application to run a named tool with parameters. A model can request a calendar lookup, but the application must validate the permissions and…",ok
Tooltip,https://vibe-hub.org/en/tooltip,en,tooltip,pages/en/tooltip.md,Explain a compact control with a short text label. A tooltip gives a brief label or hint for an icon or unfamiliar control. It should appear on keyboard focus as well…,ok
Top Nav,https://vibe-hub.org/en/top-nav-layout,en,top-nav-layout,pages/en/top-nav-layout.md,Place the main navigation across the top of the page. A top-navigation layout works when a product has a small number of primary sections and needs wide content space…,ok
AI Terms for Vibe Coding,https://vibe-hub.org/en/topics/ai,en,topics,pages/en/topics/ai.md,"22 ai terms explained with visual examples, real use cases, and clear boundaries for people building with vibe coding.",ok
Backend Terms for Vibe Coding,https://vibe-hub.org/en/topics/backend,en,topics,pages/en/topics/backend.md,"30 backend terms explained with visual examples, real use cases, and clear boundaries for people building with vibe coding.",ok
Design Styles Terms for Vibe Coding,https://vibe-hub.org/en/topics/design,en,topics,pages/en/topics/design.md,"22 design styles terms explained with visual examples, real use cases, and clear boundaries for people building with vibe coding.",ok
Git Terms for Vibe Coding,https://vibe-hub.org/en/topics/git,en,topics,pages/en/topics/git.md,"12 git terms explained with visual examples, real use cases, and clear boundaries for people building with vibe coding.",ok
Product Terms for Vibe Coding,https://vibe-hub.org/en/topics/product,en,topics,pages/en/topics/product.md,"3 product terms explained with visual examples, real use cases, and clear boundaries for people building with vibe coding.",ok
Tech Stack Terms for Vibe Coding,https://vibe-hub.org/en/topics/technology,en,topics,pages/en/topics/technology.md,"25 tech stack terms explained with visual examples, real use cases, and clear boundaries for people building with vibe coding.",ok
Transition,https://vibe-hub.org/en/transition,en,transition,pages/en/transition.md,"Smooth the change between two visual states. A transition animates a CSS property when its value changes, such as color on hover or a panel opening. Use it to clarify…",ok
Tree,https://vibe-hub.org/en/tree,en,tree,pages/en/tree.md,"Expand and browse data with parent-child levels. A tree reveals folders, departments, categories, and other hierarchies by expanding and collapsing levels. It may…",ok
TreeSelect,https://vibe-hub.org/en/tree-select,en,tree-select,pages/en/tree-select.md,"Choose one or more items from a hierarchy. A tree selector fits departments, categories, and permission scopes with parent-child relationships. Explain whether…",ok
TypeScript,https://vibe-hub.org/en/typescript,en,typescript,pages/en/typescript.md,"A language that checks written code for mismatched names and value types before it runs. If you type `user.nmae` instead of `user.name`, TypeScript can flag it before…",ok
Typography,https://vibe-hub.org/en/typography,en,typography,pages/en/typography.md,"Use text size and style to show what matters first. Typography separates headings, body text, and supporting information through size, line height, weight, and color.…",ok
Unit Test,https://vibe-hub.org/en/unit-test,en,unit-test,pages/en/unit-test.md,"A unit test tests one independently verifiable function, component, or small module. Pass a fixed price to a tax function and assert the amount, or check that a…",ok
Upload,https://vibe-hub.org/en/upload,en,upload,pages/en/upload.md,"Send a file from a device to the website. Uploading includes choosing, transferring, and saving a file. Explain type, size, and count limits before selection, show…",ok
URL,https://vibe-hub.org/en/url,en,url,pages/en/url.md,"Describe the exact location of a resource on the web. A URL contains pieces such as protocol, domain, path, query, and fragment. Together they identify a page or…",ok
User Flow,https://vibe-hub.org/en/user-flow,en,user-flow,pages/en/user-flow.md,"A path diagram of the steps and branches a user takes to reach one goal. A sign-up flow might show entering the sign-up page, filling in details, verification success…",ok
UserVoice,https://vibe-hub.org/en/user-voice,en,user-voice,pages/en/user-voice.md,Use real customer words to show a concrete experience. A customer quote can explain what changed for a real user in language that feels more specific than product…,ok
Vibe Coding,https://vibe-hub.org/en/vibe-coding,en,vibe-coding,pages/en/vibe-coding.md,"Building software by describing the desired result to an AI agent and reviewing the work it makes. You can ask an agent to build a settings page, inspect the changed…",ok
Turn rough ideas into clear requests your Agent understands,https://vibe-hub.org/en/vibehub-skill,en,vibehub-skill,pages/en/vibehub-skill.md,"Install VibeHub Skill to help your agent identify terms from a description, teach a topic, and practice in your current project. It covers 234 visual terms and project…",ok
Video,https://vibe-hub.org/en/video,en,video,pages/en/video.md,"Media with moving images and a duration that plays on a page. Video can demonstrate a product action or teach a course, such as “Create a project in two minutes.” The…",ok
Vue,https://vibe-hub.org/en/vue,en,vue,pages/en/vue.md,"A JavaScript framework for building interactive interfaces with templates and components. When a `+1` button changes a count from 0 to 1, Vue updates the bound text on…",ok
Worktree,https://vibe-hub.org/en/worktree,en,worktree,pages/en/worktree.md,Check out another branch in a second working directory. A Git worktree lets one repository have several working directories at the same time. It is useful when a long…,ok
Z-Index,https://vibe-hub.org/en/z-index,en,z-index,pages/en/z-index.md,Control which overlapping layer appears on top. Z-index affects the stacking order of positioned elements inside a stacking context. A larger number does not always…,ok
验收标准 Acceptance Criteria,https://vibe-hub.org/acceptance-criteria,zh,acceptance-criteria,pages/zh/acceptance-criteria.md,验收标准是利益相关者用来判断成果是否可接受的一组可检查条件。 例如旅行攻略可以要求“每天都有路线、景点开放时间来自官方来源、换乘时间能够实际执行”。这些条件应能直接判通过或不通过；代码覆盖率和开发者自评可以提供线索，但不能替代用户结果。 也常被叫作Acceptance Criteria、验收条件。 VibeHub 可视化图解与使用边界…,ok
按下 Active,https://vibe-hub.org/active,zh,active,pages/zh/active.md,按下是控件从指针按下到松开期间呈现的短暂交互状态. active 通常出现在指针按下到松开之间，键盘激活也应有对应反馈。可以轻微下沉或改变颜色，但幅度要结合组件、品牌和可读性决定，没有固定缩放值；它不是hover、持续选中或禁用状态。 VibeHub 可视化图解与使用边界 · 前端术语。,ok
Agent 循环 Agent Loop,https://vibe-hub.org/agent-loop,zh,agent-loop,pages/zh/agent-loop.md,产品反复调用模型和工具，并控制继续、确认或停止的运行机制。 例如修复页面按钮时，产品把读取、修改和检查结果一轮轮交给模型，并在检查通过、达到次数上限或需要你确认时停止。它负责控制任务怎样运行，不能只看模型说“完成了”。 也常被叫作Agentic Loop、智能体循环。 VibeHub 可视化图解与使用边界 · AI术语。,ok
AI Agent,https://vibe-hub.org/ai-agent,zh,ai-agent,pages/zh/ai-agent.md,AI Agent 是能围绕一个目标自己选择步骤并使用工具的 AI 系统，常见于改代码、整理资料和处理重复工作。 例如你让它整理会议，它可以读取会议记录、提取决定和待办，再写进文档；每一步会根据实际结果决定下一步。它能使用哪些文件和工具、何时必须确认，仍由产品权限和规则决定。 也常被叫作智能体、智能代理、Agent。 VibeHub…,ok
AI 应用基础 AI Application Basics,https://vibe-hub.org/ai-basics,zh,ai-basics,pages/zh/ai-basics.md,AI 应用是把模型接进网页或软件、让用户提问或完成任务的产品，例如聊天助手和代码助手。 例如用户说“帮我查明天下午的日历”：界面接住问题，模型判断要查什么，日历工具读取真实日程，应用再把结果显示出来。模型不能自己进入日历，权限和实际查询由产品与工具负责。 也常被叫作生成式 AI 基础、LLM 应用基础。 VibeHub…,ok
AI 幻觉 AI Hallucination,https://vibe-hub.org/ai-hallucination,zh,ai-hallucination,pages/zh/ai-hallucination.md,AI 幻觉是模型生成看似可信、但不准确、无依据或虚构的信息。 例如 AI 可能编造景点开放时间、不存在的链接、过期规则，或项目里没有的函数；流畅语气不能当作证据。涉及会变化的外部事实时，可以让 Agent 联网调研，但结论仍要回到官方或原始来源、工具结果、测试和真人判断。 也常被叫作模型幻觉、Hallucination、AI 编造。…,ok
警告提示 Alert,https://vibe-hub.org/alert,zh,alert,pages/zh/alert.md,警告提示是嵌在页面内容中、持续说明状态、风险或异常的提示组件. 账号即将到期可在设置页相关位置显示警告提示。它不阻断当前操作，但重要程度不能只靠颜色，需同时使用标题、图标和文字。 VibeHub 可视化图解与使用边界 · 前端术语。,ok
锚点 Anchor,https://vibe-hub.org/anchor,zh,anchor,pages/zh/anchor.md,锚点是让用户在同一长页面内跳到指定章节位置的页内导航链接. 这里说的锚点是文档目录中用于跳到“安装”“API”等小节的页内链接。HTML 的链接元素本身也能前往其他页面或资源；在本词条中，跨页导航统一归入link说明。 VibeHub 可视化图解与使用边界 · 前端术语。,ok
动画 Animation,https://vibe-hub.org/animation,zh,animation,pages/zh/animation.md,动画是一种用 @keyframes 定义多个阶段，并控制其播放方式的 CSS 动效. 加载指示、分步入场等连续变化可用 animation；简单的悬停和选中反馈通常用transition就够了。循环和大幅移动容易干扰阅读，必须尊重 prefers-reduced-motion；结束后是否停在最后一帧也应由实际界面状态决定。…,ok
API,https://vibe-hub.org/api,zh,api,pages/zh/api.md,两个软件互相请求数据或功能时共同遵守的约定. 比如天气 App 请求“深圳今天多少度”，天气服务会返回温度和天气状态。API 会说明请求需要带什么、结果长什么样；其中某一个具体请求地址才是端点。API 不是页面、后端代码或数据库。 也常被叫作API 接口、应用程序编程接口。 VibeHub 可视化图解与使用边界 · 后端术语。,ok
身份认证 Authentication,https://vibe-hub.org/authentication,zh,authentication,pages/zh/authentication.md,身份认证是验证用户所声明身份的机制. 用户用密码、验证码或第三方身份结果证明身份；验证通过后，应用通常另用 Cookie 携带 session ID，或让客户端携带 Token 延续登录状态。密码不能明文保存；登录后仍要由authorization判断用户能做什么。 也常被叫作登录认证。 VibeHub 可视化图解与使用边界 ·…,ok
权限控制 Authorization,https://vibe-hub.org/authorization,zh,authorization,pages/zh/authorization.md,权限控制是在确认身份后判断用户能访问或操作哪些资源的机制. 例如，普通用户只能修改自己的资料，管理员可管理成员。敏感操作必须在服务端逐次检查；隐藏按钮只改善界面，不能代替权限判断。 VibeHub 可视化图解与使用边界 · 后端术语。,ok
自动完成 AutoComplete,https://vibe-hub.org/auto-complete,zh,auto-complete,pages/zh/auto-complete.md,自动完成是在用户输入时显示匹配建议、帮助更快完成输入的表单控件. 填写地址、联系人或标签时可从建议中点选，也可继续输入。最终能否提交未匹配内容取决于业务规则；只接受固定选项时要限制为选择建议，或改用 select，并处理无匹配和加载失败。 也常被叫作自动补全、输入建议。 VibeHub 可视化图解与使用边界 · 前端术语。,ok
头像 Avatar,https://vibe-hub.org/avatar,zh,avatar,pages/zh/avatar.md,头像是用于识别用户、团队或组织的图像、首字或标志组件. 成员列表和评论区可用头像帮助快速认人。应同时展示姓名，不能只靠头像辨认身份；使用照片还要尊重隐私设置。 VibeHub 可视化图解与使用边界 · 前端术语。,ok
回到顶部 BackTop,https://vibe-hub.org/back-top,zh,back-top,pages/zh/back-top.md,回到顶部是让用户从长页面当前位置快速返回页首的导航按钮. 读完很长的帮助文章后可点击它回到目录。按钮不能遮挡聊天或提交入口；短页面和已有便捷目录的页面通常不需要。 VibeHub 可视化图解与使用边界 · 前端术语。,ok
毛玻璃 Backdrop Blur,https://vibe-hub.org/backdrop-blur,zh,backdrop-blur,pages/zh/backdrop-blur.md,毛玻璃是一种通过模糊元素背后画面，让半透明界面层与背景区分开的视觉效果. 用 backdrop-filter: blur() 可以让悬浮导航或弹窗保留背景轮廓，同时仍与页面内容分开。元素背景必须有透明度才能看见模糊；它可能增加渲染开销并降低文字对比度，因此不要把它铺在大段正文上，还要准备不支持该属性时仍清楚可读的纯色背景。…,ok
后端 Backend,https://vibe-hub.org/backend,zh,backend,pages/zh/backend.md,用户通常看不见、负责处理请求和数据的服务器端部分. 比如用户在注册页点击提交后，后端会检查手机号和验证码、创建账号，再把成功或失败返回给页面。密码、密钥和权限规则应留在后端，不能只靠页面判断。 VibeHub 可视化图解与使用边界 · 后端术语。,ok
后端框架 Backend Framework,https://vibe-hub.org/backend-framework,zh,backend-framework,pages/zh/backend-framework.md,开发后端时使用的现成项目骨架，帮助组织请求、处理代码和错误. 例如，注册请求到来后，框架会把它交给注册功能的代码，并在出错时返回明确结果。框架不是一门新语言，应优先沿用项目已经选择的方案。 VibeHub 可视化图解与使用边界 · 后端术语。,ok
徽标 Badge,https://vibe-hub.org/badge,zh,badge,pages/zh/badge.md,徽标是附着在其他元素旁、补充数量或状态的简短标记. 消息图标右上角的“3”可提醒未读数量。不能只用红点或颜色表达重要状态，读屏用户也需要获得完整说明。 VibeHub 可视化图解与使用边界 · 前端术语。,ok
圆角 BorderRadius,https://vibe-hub.org/border-radius,zh,border-radius,pages/zh/border-radius.md,圆角是通过 border-radius 把元素直角改为圆弧的 CSS 样式. 卡片、按钮和头像常用 border-radius 控制四个角的弧度；正方形设为 50% 可得到圆形，长条设为很大的值可得到胶囊形。项目里应建立少量可复用的圆角档位，避免任意混用数值；圆角会影响观感，但“越圆越亲和”只是设计经验。 VibeHub…,ok
盒模型 Box Model,https://vibe-hub.org/box-model,zh,box-model,pages/zh/box-model.md,盒模型是浏览器计算元素内容、内边距、边框和外边距所占空间的规则。 例如卡片内容宽 320px，再加左右内边距和边框，实际占用宽度可能更大，导致两列排不下；按钮的可点击区域也受这些层次影响。它解释尺寸怎样算，不负责内容超出后该显示、裁切还是滚动。 也常被叫作CSS 盒模型。 VibeHub 可视化图解与使用边界 · 前端术语。,ok
分支 Branch,https://vibe-hub.org/branch,zh,branch,pages/zh/branch.md,从当前版本另开一条修改路线，让新功能先不混进主版本. 例如，从 main 新建 feature/new-nav，只在这条路线修改和测试导航，确认后再通过merge或pull-request合回 main。新分支与 main 共享已有历史，只是从分开的地方继续记录新改动；切换前还要检查未提交内容。 VibeHub 可视化图解与使用边界…,ok
面包屑 Breadcrumb,https://vibe-hub.org/breadcrumb,zh,breadcrumb,pages/zh/breadcrumb.md,面包屑是按层级展示当前页面路径、帮助用户返回上级的导航组件. “首页 / 项目 / 设置”可让用户看懂当前位置并返回项目页。上级通常可点击，当前页只说明位置，不需要链接到自己。 VibeHub 可视化图解与使用边界 · 前端术语。,ok
浏览器存储 Browser Storage,https://vibe-hub.org/browser-storage,zh,browser-storage,pages/zh/browser-storage.md,浏览器存储是网页把数据保存在用户当前浏览器中的本地机制。 例如记住深色模式、未提交的表单草稿或最近查看过的项目；刷新或下次打开时仍可能读取到。它通常只属于这一浏览器和设备，用户清除浏览数据、换浏览器或换设备后不保证还在。 也常被叫作客户端存储、本地存储、Web Storage。 VibeHub 可视化图解与使用边界 · 后端术语。,ok
构建 Build,https://vibe-hub.org/build,zh,build,pages/zh/build.md,构建是把源码、依赖和配置转换为可运行或可发布产物的过程。 例如前端项目执行构建后生成 dist，服务项目也可能生成带版本号的容器镜像。构建成功只证明产物已经产生；把它放进测试或生产环境属于部署。 也常被叫作Build、项目构建、打包。 VibeHub 可视化图解与使用边界 · 技术栈术语。,ok
按钮 Button,https://vibe-hub.org/button,zh,button,pages/zh/button.md,按钮是让用户在当前页面执行保存、提交、删除等操作的可点击控件. 用户提交注册表单或保存设置时会点击按钮。链接负责前往别处；同一操作区应突出一个主要动作，其余动作降低层级。 也常被叫作操作按钮。 VibeHub 可视化图解与使用边界 · 前端术语。,ok
卡片 Card,https://vibe-hub.org/card,zh,card,pages/zh/card.md,卡片是把同一对象的标题、摘要、图片和操作组织在一起的内容容器. 项目、商品或文章的浏览页可一张卡片对应一个对象。整张卡是否能点击必须清楚；局部操作则让链接和按钮分别承担。 VibeHub 可视化图解与使用边界 · 前端术语。,ok
卡片网格布局 Card Grid,https://vibe-hub.org/card-grid-layout,zh,card-grid-layout,pages/zh/card-grid-layout.md,卡片网格布局是一种用规则行列排列同类卡片，并随可用宽度换行的页面结构. 作品、商品和模板列表可将每个项目做成结构相近的card，再用 Grid 自动排布。列数和最小卡片宽度要按标题、图片和操作仍能显示来决定；内容差异很大时，不必强求所有卡片完全等高。 VibeHub 可视化图解与使用边界 · 前端术语。,ok
走马灯 Carousel,https://vibe-hub.org/carousel,zh,carousel,pages/zh/carousel.md,走马灯是在同一内容区域轮流展示多张幻灯片的轮播组件. 首页宣传内容或新手引导可用走马灯切换多张幻灯片。重要信息不能只放在后面；自动播放时必须允许暂停，并提供当前位置和切换入口。 VibeHub 可视化图解与使用边界 · 前端术语。,ok
级联选择器 Cascader,https://vibe-hub.org/cascader,zh,cascader,pages/zh/cascader.md,点开一个选项后继续选择下一级，常见于省、市、区选择. 例如填写收货地址时，先选“广东省”，再选“深圳市”，最后选“南山区”，完成后要显示整条路径。若用户需要同时选择多个地区，用 tree-select 更合适。 VibeHub 可视化图解与使用边界 · 前端术语。,ok
持续交付 / 持续部署 CD,https://vibe-hub.org/cd,zh,cd,pages/zh/cd.md,CD 是让通过验证的版本持续处于可发布状态，或自动发布到目标环境的交付方式。 持续交付通常把候选版本准备好，由人决定何时发布；持续部署则在门禁通过后自动进入生产。两者都接在 CI 之后，区别首先要看生产前是否保留人工批准。 也常被叫作CD、Continuous Delivery、Continuous Deployment。…,ok
CDN,https://vibe-hub.org/cdn,zh,cdn,pages/zh/cdn.md,把图片和网页文件的副本放到多个地区，让用户从较近的位置加载. 例如，深圳和新加坡的用户打开同一张产品图时，可以分别从附近节点获取。CDN 不会自动解决后端慢的问题，更新文件时也要处理旧缓存。 也常被叫作CDN 加速、内容分发网络。 VibeHub 可视化图解与使用边界 · 后端术语。,ok
居中窄栏布局 Centered Column,https://vibe-hub.org/centered-layout,zh,centered-layout,pages/zh/centered-layout.md,居中窄栏布局是一种限制内容栏宽度并将其置于页面中央的页面结构. 文章阅读、登录和设置页面可用居中栏减少视线横向移动，让主任务更集中。具体宽度要根据中文或英文、字号和设备测试；需要品牌说明、帮助入口或多步流程时，可以保留这些必要上下文，不能把所有页面机械压成窄栏。 VibeHub 可视化图解与使用边界 · 前端术语。,ok
居中 Centering,https://vibe-hub.org/centering,zh,centering,pages/zh/centering.md,居中是把文字、元素或一组内容在容器的水平、垂直或两条轴上对齐到中间的布局方式. 按钮组可用flex居中，网格单元可用grid的 place-items。文字和定宽块有各自做法；absolute 加 transform 适合浮层，不应作为普通内容的默认方案。 VibeHub 可视化图解与使用边界 · 前端术语。,ok
图表 Chart,https://vibe-hub.org/chart,zh,chart,pages/zh/chart.md,图表是用位置、长度、大小或颜色等视觉编码来比较和理解数据的展示方式。 例如折线图可看订单随月份的变化，柱状图可比较不同渠道的数量；图表让趋势和差异更容易被看见。它不是数据本身，也不适合代替用户需要逐项核对的精确表格或证明因果关系。 也常被叫作数据图表、可视化图表、Data Visualization。 VibeHub…,ok
聊天界面 Chat UI,https://vibe-hub.org/chat-ui,zh,chat-ui,pages/zh/chat-ui.md,聊天界面是组织消息列表、输入区和对话反馈状态的交互界面。 例如用户发送一条问题后，界面应把自己的消息放入列表，显示等待或流式输出，并在失败时保留可理解的错误和重试入口；客服聊天和 AI 对话都需要这些界面能力。它是用户看见和操作的壳，不等于里面连接的模型或客服系统。 也常被叫作聊天 UI、聊天窗口、Chat Interface。…,ok
复选框 Checkbox,https://vibe-hub.org/checkbox,zh,checkbox,pages/zh/checkbox.md,复选框是让用户独立选中一个或多个选项的表单控件. 兴趣标签、筛选条件和同意协议都可使用复选框。每个选项彼此独立；只能选择一个答案时应使用 radio。 VibeHub 可视化图解与使用边界 · 前端术语。,ok
持续集成 CI,https://vibe-hub.org/ci,zh,ci,pages/zh/ci.md,持续集成是频繁合入变更并自动构建、测试，以尽早发现集成问题的做法。 例如推送分支后，流水线自动安装依赖、执行 Lint、单元测试和构建，并把结果显示在 PR 上。CI 提供合入前后的快速反馈，但检查通过不等于版本已经发布到生产。 也常被叫作CI、Continuous Integration、持续集成。 VibeHub…,ok
克隆 Clone,https://vibe-hub.org/clone,zh,clone,pages/zh/clone.md,Clone 是把远程 Git 仓库的代码和版本历史首次复制到本地的操作. 它会新建项目文件夹并下载代码、分支信息和提交历史。例如，进入目录后先读 README 再安装依赖；之后同步新增版本用pull。 VibeHub 可视化图解与使用边界 · Git术语。,ok
折叠面板 Collapse,https://vibe-hub.org/collapse,zh,collapse,pages/zh/collapse.md,折叠面板是可按需展开或收起一组内容的界面组件. 常见问题和高级设置可先显示标题，用户点开再读正文。风险提示、提交条件等必须看到的信息不应默认藏在折叠面板里。 也常被叫作可折叠面板。 VibeHub 可视化图解与使用边界 · 前端术语。,ok
颜色选择器 ColorPicker,https://vibe-hub.org/color-picker,zh,color-picker,pages/zh/color-picker.md,颜色选择器是让用户查看并选择颜色值的表单控件. 主题设置、图表标记和画板工具可用它选择颜色。除色盘外应显示可复制的色值；文字或图标仍必须满足足够对比度。 也常被叫作色彩选择器。 VibeHub 可视化图解与使用边界 · 前端术语。,ok
提交 Commit,https://vibe-hub.org/commit,zh,commit,pages/zh/commit.md,给当前项目保存一个可以回看、带说明的版本. 例如，修好手机端按钮后，先用 git add 把这部分改动选进暂存区，也就是“这次准备保存的清单”，再 Commit 并写明“修复手机端按钮错位”。撤销前要先区分未提交改动和已经推送的提交；共享历史通常用 Revert 追加一次反向修改，不直接改写旧记录。 VibeHub…,ok
组件 Component,https://vibe-hub.org/component,zh,component,pages/zh/component.md,组件是把一块可复用的界面和它负责的行为组织在一起的单元。 例如商品卡在首页、搜索结果和收藏页都显示图片、价格和购买按钮时，可以共用同一个组件；表单输入框也能作为组件复用。它划分的是界面责任，不等于页面里每一个小标签都必须单独成为组件。 也常被叫作UI 组件、界面组件、UI Component。 VibeHub 可视化图解与使用边界 ·…,ok
上下文工程 Context Engineering,https://vibe-hub.org/context-engineering,zh,context-engineering,pages/zh/context-engineering.md,上下文工程是为 AI 持续挑选当前任务真正需要的信息，常见于长对话、复杂代码和多步骤任务。 例如让 Agent 修登录报错时，只给它报错、相关文件、已确认限制和最新测试结果，而不是把整个项目日志全塞进去。它不是把提示词写得更长，而是持续保留重点、移除噪声，并在需要时再取资料。 也常被叫作Context Management、上下文管理…,ok
上下文窗口 Context Window,https://vibe-hub.org/context-window,zh,context-window,pages/zh/context-window.md,上下文窗口是模型在一次请求中能够处理的输入和输出总量上限。 例如聊了很久后，你再说“按最初要求修改”，最早的要求可能没有被这次请求带入，回答就会跑偏。窗口有大小上限，资料越多也不代表越相关。 也常被叫作上下文长度、Context Length。 VibeHub 可视化图解与使用边界 · AI术语。,ok
对话历史 Conversation History,https://vibe-hub.org/conversation-history,zh,conversation-history,pages/zh/conversation-history.md,对话历史是产品保存并在后续请求中重新提供给模型的先前消息记录. 例如，用户说“把第二条改短”时，产品带回原来的三个标题，模型才能确定所指内容。聊天越长越占空间，界面可见的旧消息不代表本次一定全部发送。 也常被叫作聊天记录、消息历史。 VibeHub 可视化图解与使用边界 · AI术语。,ok
圆角的气质 Corner Feel,https://vibe-hub.org/corner-feel,zh,corner-feel,pages/zh/corner-feel.md,圆角的气质是指不同圆角大小在界面中带来的视觉感受和一致性规则. 较小圆角常显得克制，较大圆角常显得柔和，可为按钮、卡片和输入框建立少量border-radius档位。它们是设计经验，不是固定语义；相同角色应保持一致，具体数值仍要结合组件尺寸、品牌和场景测试。 VibeHub 可视化图解与使用边界 · 前端术语。,ok
CORS,https://vibe-hub.org/cors,zh,cors,pages/zh/cors.md,CORS 是浏览器要求服务器明确同意后，网页才能跨源读取响应的安全机制。 例如网页从 `app.example.com` 请求 `api.example.com`，服务器要在响应中允许这个网页来源，浏览器才把数据交给脚本。它保护的是浏览器里的跨源读取；接口能否被调用、用户是否有权限，仍要由服务器验证。…,ok
CTA,https://vibe-hub.org/cta,zh,cta,pages/zh/cta.md,行动号召是引导用户完成注册、试用、购买等下一步的行动入口. CTA 可以是按钮、链接或简短表单。产品页可用“开始免费试用”直接说明行动和结果；一个视觉区域通常突出一个主目标，长页面可按阅读阶段重复或调整。不要使用“提交”“点击这里”等看不出结果的文字。 也常被叫作行动号召、Call to Action。 VibeHub…,ok
鼠标指针 Cursor,https://vibe-hub.org/cursor,zh,cursor,pages/zh/cursor.md,鼠标指针会根据所在区域改变形状，提前提示这里可以点击、输入、拖动或暂不可用. 当鼠标移到网页元素上，浏览器会根据 CSS cursor 显示对应的指针。可点击区域常见 pointer，可输入文字的区域显示 text，可拖动对象显示 grab，暂不可用的操作可显示 not-allowed。指针只是辅助提示…,ok
深色模式 Dark Mode,https://vibe-hub.org/dark-mode,zh,dark-mode,pages/zh/dark-mode.md,深色模式是一套可切换的深色界面主题状态，而不只是把页面背景涂黑。 例如用户选择深色模式或系统偏好深色时，页面的背景、文字、边框、按钮、图表和聚焦状态都换成协调且足够对比的值。它服务于不同环境和偏好；一张黑色海报或深色视觉风格并不自动构成可切换主题。 也常被叫作暗色模式、夜间模式、深色主题。 VibeHub 可视化图解与使用边界 ·…,ok
数据校验 Validation,https://vibe-hub.org/data-validation,zh,data-validation,pages/zh/data-validation.md,数据校验是在使用输入前检查其格式、范围和业务规则的步骤. 例如，必填项可在用户离开字段时提示，跨字段规则通常在提交时统一检查。前端提示帮助用户及时纠正，但可能被绕过；后端仍须重新校验并返回具体字段错误。 VibeHub 可视化图解与使用边界 · 后端术语。,ok
数据库 Database,https://vibe-hub.org/database,zh,database,pages/zh/database.md,保存并查找用户、文章、订单等应用数据的地方. 比如用户发布文章后，后端把标题和正文写入数据库；刷新页面或重新登录时，文章仍能被读取。CRUD 是创建、读取、更新和删除这四类常见数据操作。只保存在当前浏览器的内容不会自动出现在另一台设备上。 VibeHub 可视化图解与使用边界 · 后端术语。,ok
日期选择器 DatePicker,https://vibe-hub.org/date-picker,zh,date-picker,pages/zh/date-picker.md,日期选择器是用日历选择某一天或一段日期的表单控件. 预订入住日期或筛选本月订单时可用日历降低格式歧义。要说明可选范围、区间是否包含当天；跨地区业务还必须说明计算日期的时区。 VibeHub 可视化图解与使用边界 · 前端术语。,ok
部署上线 Deployment,https://vibe-hub.org/deployment,zh,deployment,pages/zh/deployment.md,部署是把项目构建并发布到目标运行环境、让预期用户或系统能够使用的过程. 例如，平台可从仓库取得源码，执行构建或启动服务，再发布到测试、内部或公开环境。静态网站常得到访问网址，后端服务、定时任务或内部应用则未必公开。发布前要确认目标环境、构建与启动方式、输出目录和环境变量；失败时先查看日志。 VibeHub 可视化图解与使用边界 ·…,ok
描述列表 Descriptions,https://vibe-hub.org/descriptions,zh,descriptions,pages/zh/descriptions.md,在详情页里用“字段名 + 内容”展示一条记录的只读信息. 例如订单详情会显示“收货人：李明”“状态：已发货”“金额：¥199”。它只负责查看；如果用户需要修改这些内容，应使用可编辑的 form。 VibeHub 可视化图解与使用边界 · 前端术语。,ok
设计令牌 Design Token,https://vibe-hub.org/design-token,zh,design-token,pages/zh/design-token.md,设计令牌是集中命名和复用颜色、间距、字体等设计值的变量。 例如把主按钮颜色命名为 `color.brand.primary`、常用间距命名为 `space.16`，组件引用名称而不是各自硬写色值和像素。改主题或统一调整时，令牌能让同一规则在网页、组件库或其他界面保持一致；它不是任意 CSS 变量的别名，也不替代设计决定本身。…,ok
差异对比 Diff,https://vibe-hub.org/diff,zh,diff,pages/zh/diff.md,把改动前后的内容逐行摆在一起，标出删了什么、加了什么. 例如，AI 修改首页后，先看 Diff：带 - 的行是旧内容被删掉，带 + 的行是新内容加进来。Commit 前要同时检查尚未 add 和已经 add 的 Diff，避免把误删、调试代码或密钥保存进去。 VibeHub 可视化图解与使用边界 · Git术语。,ok
禁用 Disabled,https://vibe-hub.org/disabled,zh,disabled,pages/zh/disabled.md,禁用是表示控件当前不能执行操作的交互状态. 除降低视觉强调，还应就近说明暂不可操作的原因，不能只靠tooltip。原生 disabled 控件通常不能获得焦点；aria-disabled 只表达语义，元素通常仍可聚焦，必须由脚本阻止操作并决定焦点策略。长期无权限的入口是否隐藏，要看用户是否需要知道功能存在。 VibeHub…,ok
分割线 Divider,https://vibe-hub.org/divider,zh,divider,pages/zh/divider.md,分割线是用细线分开相邻内容分组的视觉元素. 订单摘要与收货地址之间可用分割线提示信息组已经变化。留白足以分组时不必加线，避免把页面切成许多碎块。 VibeHub 可视化图解与使用边界 · 前端术语。,ok
DNS,https://vibe-hub.org/dns,zh,dns,pages/zh/dns.md,互联网的地址簿，把域名查成浏览器能找到网站的地址. 例如，输入 vibe-hub.org 后，DNS 会先找到它对应的服务地址，浏览器才能连接。修改 DNS 后，旧地址可能仍被缓存一段时间，所以不同地区不一定同时更新。 也常被叫作DNS 解析、域名系统。 VibeHub 可视化图解与使用边界 · 后端术语。,ok
文档三栏布局 Doc Layout,https://vibe-hub.org/doc-layout,zh,doc-layout,pages/zh/doc-layout.md,文档三栏布局是一种同时显示整站目录、正文内容和本页大纲的页面结构. 技术文档常用左侧目录帮助跳转，中间正文承担阅读，右侧大纲标记当前章节。屏幕变窄时可先收起右侧大纲，再把整站目录放进可打开的侧栏；不要在窄屏硬保留三栏，导致正文无法阅读。 VibeHub 可视化图解与使用边界 · 前端术语。,ok
域名 Domain,https://vibe-hub.org/domain,zh,domain,pages/zh/domain.md,域名是用于识别和访问互联网服务的易记名称，会通过 DNS 对应到实际服务. example.com 是域名，通常需向注册商按年注册；它本身不存放网页，也可用于网站、子域名、邮箱或验证服务，需要通过dns指向相应服务。选择时应考虑好读、好拼和不冒充他人的名称，并保护注册商账号和续费状态。 VibeHub 可视化图解与使用边界 · 后端术语。,ok
拖拽 Drag,https://vibe-hub.org/drag,zh,drag,pages/zh/drag.md,拖拽是一种按住元素并移动它的位置或把它放到目标区域的交互方式. 调整任务卡顺序、把文件拖进上传区时会用到 drag；过程中应显示被拖元素、可放置区域和落点占位。拖拽对键盘、触屏和手部操作不稳定的用户并不可靠，因此排序要提供上移下移等替代操作，上传也要保留文件选择按钮。 VibeHub 可视化图解与使用边界 · 前端术语。,ok
抽屉 Drawer,https://vibe-hub.org/drawer,zh,drawer,pages/zh/drawer.md,抽屉是从屏幕边缘展开、在保留当前页面上下文时显示内容的面板组件. 在项目列表旁查看详情或调整筛选时可打开抽屉。无论在手机上占满屏幕还是只占一侧，都需要清楚的标题、关闭入口和焦点管理。 VibeHub 可视化图解与使用边界 · 前端术语。,ok
下拉菜单 Dropdown,https://vibe-hub.org/dropdown,zh,dropdown,pages/zh/dropdown.md,下拉菜单是点击一个入口后展开一组相关操作的浮层菜单组件. “更多”按钮可收纳重命名、导出和删除，减少页面占用。它承载操作；从固定值中选择一个答案应使用select。 也常被叫作操作菜单、更多菜单。 VibeHub 可视化图解与使用边界 · 前端术语。,ok
端到端测试 End-to-End Test,https://vibe-hub.org/e2e-test,zh,e2e-test,pages/zh/e2e-test.md,端到端测试是从用户入口驱动完整系统流程并检查最终可见结果的测试。 例如在浏览器里选择旅行日期、填写乘客、完成沙盒支付，再确认订单页出现正确行程。它会跨过页面、接口和数据存储，但不等于每个内部分支都已覆盖。 也常被叫作E2E、E2E Test、End-to-End Test。 VibeHub 可视化图解与使用边界 · 技术栈术语。,ok
缓动 Easing,https://vibe-hub.org/easing,zh,easing,pages/zh/easing.md,缓动是规定动画在持续时间内如何加速和减速的速度曲线. 进度条和持续旋转常用 linear，界面入场常从快到慢，退场常从慢到快。具体曲线要结合移动距离和界面语义测试；项目里应收敛成少量可复用规则，回弹等物理运动再考虑spring。 VibeHub 可视化图解与使用边界 · 前端术语。,ok
空状态 Empty,https://vibe-hub.org/empty,zh,empty,pages/zh/empty.md,空状态是在内容区域没有可展示数据时说明原因和下一步的界面状态. 新项目列表为空时，可说明“还没有项目”并提供“新建项目”按钮。它不能代替加载失败或权限不足等错误提示，应说明真实原因。 VibeHub 可视化图解与使用边界 · 前端术语。,ok
环境变量 Env Var,https://vibe-hub.org/env-var,zh,env-var,pages/zh/env-var.md,环境变量是在代码之外保存配置值、供不同运行环境读取的方式. 例如，本地、测试和线上可使用不同接口地址或密钥。前端公开变量会进入浏览器代码，真正的密钥只能由服务端读取；.env 是本地加载这些值的常见文件，不是加密保险箱，也必须避免提交到 Git。 VibeHub 可视化图解与使用边界 · 后端术语。,ok
渐入渐出 Fade In / Out,https://vibe-hub.org/fade,zh,fade,pages/zh/fade.md,渐入渐出是一种通过改变透明度让内容出现或离开的基础动效. 提示框、卡片或弹窗进入和退出时可用 opacity 的淡入淡出，视觉负担较低。它仍要配合正确的阅读顺序、点击和最终隐藏状态；如果需要表达内容来自哪个方向或层级，滑动或缩放可能更清楚。 VibeHub 可视化图解与使用边界 · 前端术语。,ok
FAQ,https://vibe-hub.org/faq,zh,faq,pages/zh/faq.md,常见问题是集中回答用户反复提出的疑问及其答案的内容区块. 退款条件、套餐限制和数据安全等重复问题可整理为 FAQ，答案第一句先给结论，再说明必要条件。问题应来自真实搜索、客服或访谈记录；内容很多或需要持续检索时，应建设帮助中心，不能把所有说明塞进一页。 也常被叫作常见问题、Frequently Asked Questions。…,ok
功能开关 Feature Flag,https://vibe-hub.org/feature-flag,zh,feature-flag,pages/zh/feature-flag.md,功能开关是运行时按配置或用户条件启用、停用代码路径的机制。 例如同一版本已经包含新编辑器，但开关只让内部账号进入新路径，其他用户继续看到旧页面。它把代码部署与功能开放分开；长期不用的开关仍要清理，也不能代替版本回滚和数据恢复。 也常被叫作Feature Flag、Feature Toggle、功能旗标。 VibeHub…,ok
文件项 File,https://vibe-hub.org/file,zh,file,pages/zh/file.md,文件项是展示单个文档、图片或附件名称、状态和操作的界面单元. 上传完成列表可显示“项目计划.pdf、2.4 MB、已上传”。文件名应最显眼，类型和状态作补充；不能只放一个图标让用户猜文件内容。 也常被叫作文件卡片、文件列表项。 VibeHub 可视化图解与使用边界 · 前端术语。,ok
筛选 Filter,https://vibe-hub.org/filter,zh,filter,pages/zh/filter.md,筛选是按已有属性或条件缩小当前内容集合的功能。 例如任务列表可按负责人、状态和截止日期只保留符合条件的项，商品列表可按价格或尺寸缩小范围。它基于明确条件排除不符合的内容，不负责理解用户自由输入的一句话，也不等于给结果排序。 也常被叫作筛选条件、过滤、内容筛选。 VibeHub 可视化图解与使用边界 · 前端术语。,ok
不稳定测试 Flaky Test,https://vibe-hub.org/flaky-test,zh,flaky-test,pages/zh/flaky-test.md,不稳定测试是在代码未改变时仍会时而通过、时而失败的测试。 例如 CI 中的页面测试偶发超时，或并行用例抢同一个账号导致结果交替。重试可以帮助确认现象和收集证据，但不能当作修复；稳定失败通常更像真实缺陷或固定配置错误。 也常被叫作Flaky Test、不稳定用例、间歇性失败测试。 VibeHub 可视化图解与使用边界 · 技术栈术语。,ok
弹性布局 Flex,https://vibe-hub.org/flex,zh,flex,pages/zh/flex.md,弹性布局是一种用 Flexbox 沿一条主轴排列和对齐直接子元素的 CSS 布局方式. 导航链接横排、按钮组居中或图标与文字并排时，可在父元素上设置 display: flex。justify-content 控制主轴分布，align-items 控制交叉轴对齐；它适合一行或一列的关系，需要同时规划多行和多列时应先考虑grid。…,ok
聚焦 Focus,https://vibe-hub.org/focus,zh,focus,pages/zh/focus.md,聚焦是当前会接收键盘输入或操作的元素所处的交互状态. 按 Tab 键浏览链接和按钮、点击输入框时都会看到 focus；清楚的描边能告诉键盘用户下一次按键会作用在哪里。若替换浏览器默认 outline，必须提供同样明显且对比度足够的焦点样式，不能只在鼠标点击时保留。 VibeHub 可视化图解与使用边界 · 前端术语。,ok
页脚 Footer,https://vibe-hub.org/footer,zh,footer,pages/zh/footer.md,页脚是网页底部集中放置补充链接、版权和联系方式的页面区域. 隐私政策、服务条款、联系方式和社交账号常放在 Footer，并按用途分组。它适合补充入口；不要把顶部已经清楚展示的所有链接原样重复，也不能把用户必须在提交前看到的关键规则只放在页脚。 VibeHub 可视化图解与使用边界 · 前端术语。,ok
表单 Form,https://vibe-hub.org/form,zh,form,pages/zh/form.md,网页或软件里让用户填写并提交一组信息的区域，比如注册、下单或修改资料. 例如注册账号时，用户会填写手机号、验证码和密码，再点“注册”。填错的内容要在对应输入框附近说明；提交后还要明确账号是否真的创建成功。 VibeHub 可视化图解与使用边界 · 前端术语。,ok
前端 Frontend,https://vibe-hub.org/frontend,zh,frontend,pages/zh/frontend.md,用户在网页、小程序和软件里直接看到、点击和输入的那一层. 例如，在注册页，输入框、提交按钮和“正在提交 / 注册成功 / 出错了”的提示属于前端；账号是否真正创建成功，要由后端处理后返回结果。 VibeHub 可视化图解与使用边界 · 前端术语。,ok
Git,https://vibe-hub.org/git,zh,git,pages/zh/git.md,Git 是在本地记录文件版本历史、比较改动并协作同步的版本控制工具. 例如，完成并检查首页导航后，可以用commit把相关改动保存成一个本地版本，以后查看或恢复；只有push后 GitHub 才有副本。未 Commit 的改动不会自动进入历史。 也常被叫作Git 版本控制、版本控制。 VibeHub 可视化图解与使用边界 · Git术语。,ok
忽略文件 .gitignore,https://vibe-hub.org/gitignore,zh,gitignore,pages/zh/gitignore.md,告诉 Git 哪些本地文件不要加入版本记录的规则清单. 例如，node_modules 可以重新安装，.env 可能包含密钥，所以通常会写进 .gitignore。它只对尚未被 Git 跟踪的文件生效；文件已经 Commit 过，补写规则不会删除旧记录，已经泄露的密钥也必须立即更换。 VibeHub 可视化图解与使用边界 · Git术语。,ok
渐变 Gradient,https://vibe-hub.org/gradient,zh,gradient,pages/zh/gradient.md,渐变是一种让两个或多个颜色在指定方向或范围内连续过渡的视觉效果. 线性渐变适合形成方向感，径向渐变可把注意力聚到一个区域，例如产品页的背景光晕。颜色感受会随明度、面积和品牌而变化；文字覆盖在渐变上时要检查整段区域的对比度，并准备可读的纯色回退。 VibeHub 可视化图解与使用边界 · 前端术语。,ok
网格布局 Grid,https://vibe-hub.org/grid,zh,grid,pages/zh/grid.md,"网格布局是一种用 CSS Grid 同时定义行和列，再把子元素放入二维格子的布局方式. 商品或模板列表需要随屏幕宽度自动换列时，可在父元素上定义 grid，再用 repeat(auto-fit, minmax(200px, 1fr)) 作为起点。最小宽度必须按标题、图片和操作仍能看清来调整；只有一条轴的简单排列用flex往往更直接。…",ok
页头 Header,https://vibe-hub.org/header,zh,header,pages/zh/header.md,网页顶部集中放置品牌、导航、搜索和账号入口的区域. 例如，产品官网的页头可以放 Logo、顶部导航栏、搜索和登录。顶部导航栏只是其中负责带用户去不同页面的部分；在简单页面里，两者可能看起来是同一行。 也常被叫作网站页头、站点页头、Site Header。 VibeHub 可视化图解与使用边界 · 前端术语。,ok
首屏 Hero,https://vibe-hub.org/hero,zh,hero,pages/zh/hero.md,网页开头用来说明页面重点并引导下一步的主要区域. Hero 通常紧接在 Header 或 Navbar 下面。它可以由标题、补充说明、主要行动和产品画面组成，但没有固定组件清单；真正要看的是这些内容是否共同说明当前页面最重要的价值。客户标志、功能列表和定价通常属于后续区块，不因为靠近首屏就都算 Hero。 VibeHub…,ok
Frontend Terms for Vibe Coding,https://vibe-hub.org/,zh,home,pages/zh/index.md,"A visual glossary for people building with vibe coding. Explore frontend, backend, tech stack, AI, Git, and design terms through interfaces, real use cases, and clear…",ok
悬停 Hover,https://vibe-hub.org/hover,zh,hover,pages/zh/hover.md,悬停是鼠标指针停在元素上但尚未点击时出现的交互状态. 链接变色、卡片略微浮起或按钮增加阴影，都可以用 hover 提示它可以操作。反馈应当轻微且与点击后的结果一致；触屏设备通常没有悬停，因此菜单入口、说明和关键功能不能只在 hover 时显示。 VibeHub 可视化图解与使用边界 · 前端术语。,ok
HTML,https://vibe-hub.org/html,zh,html,pages/zh/html.md,HTML 是用标签描述网页内容结构、供浏览器渲染页面的标记语言. 它用标签标出标题、段落、图片、链接和按钮。例如，产品页面的内容层级由 HTML 组织；视觉样式通常交给 CSS，复杂交互需要 JavaScript。 也常被叫作HTML 页面结构、超文本标记语言。 VibeHub 可视化图解与使用边界 · 前端术语。,ok
HTTP,https://vibe-hub.org/http,zh,http,pages/zh/http.md,浏览器或 App 向服务器提出请求、再接收结果时遵守的通信规则. 例如，用户在资料页修改昵称并点击保存后，页面会通过 HTTP 发出请求，服务器再返回成功、失败和具体内容。开发者可以在浏览器的 Network 面板里看到这次通信。 也常被叫作HTTP 请求、超文本传输协议。 VibeHub 可视化图解与使用边界 · 后端术语。,ok
HTTPS,https://vibe-hub.org/https,zh,https,pages/zh/https.md,地址栏里以 https:// 开头、用于保护设备与网站之间数据的加密连接. 例如，用户登录时，HTTPS 会降低密码在传输途中被同一网络中的其他人读取或篡改的风险。它只保护连接，不代表网站内容、公司身份或交易一定可信。 也常被叫作安全连接、HTTPS 连接。 VibeHub 可视化图解与使用边界 · 后端术语。,ok
图标 Icon,https://vibe-hub.org/icon,zh,icon,pages/zh/icon.md,图标是用统一的小型视觉符号表示功能、对象或状态的界面元素. 搜索、下载和关闭可用熟悉图标帮助扫读。陌生或高风险操作不能只放图标，应补上文字或tooltip。 也常被叫作界面图标、功能图标。 VibeHub 可视化图解与使用边界 · 前端术语。,ok
图片 Image,https://vibe-hub.org/image,zh,image,pages/zh/image.md,在网页或软件里显示头像、商品图、文章配图等图片. 例如商品列表应先为封面留出固定位置，图片加载后再按比例裁切，避免页面突然跳动。图片本身承载信息时要填写文字说明，方便图片加载失败或使用读屏的人理解；纯装饰图片不需要朗读。 也常被叫作图像、图片组件。 VibeHub 可视化图解与使用边界 · 前端术语。,ok
输入框 Input,https://vibe-hub.org/input,zh,input,pages/zh/input.md,输入框是让用户填写账号、搜索词等短文本的表单控件. 账号、昵称和搜索词通常放在输入框中。字段名称要始终可见，格式错误要在附近说明；需要输入多行说明时应使用多行文本域。 也常被叫作文本输入框、单行输入框。 VibeHub 可视化图解与使用边界 · 前端术语。,ok
数字输入框 InputNumber,https://vibe-hub.org/input-number,zh,input-number,pages/zh/input-number.md,数字输入框是用于填写数值并按设定步长增减的表单控件. 购买数量、库存和价格可在这里直接输入或点加减号调整。它只能限制格式和范围，库存是否足够等业务规则仍要在提交时校验。 也常被叫作Number Input、数字步进器、Numeric Stepper。 VibeHub 可视化图解与使用边界 · 前端术语。,ok
集成测试 Integration Test,https://vibe-hub.org/integration-test,zh,integration-test,pages/zh/integration-test.md,集成测试是验证多个模块、服务或依赖之间能否按约定正确协作的测试。 例如提交订单后，接口应把正确字段写进测试数据库，并返回前端能够识别的结果。它能发现字段名、序列化和依赖连接问题；若从浏览器入口走完整用户流程，则属于范围更大的端到端测试。 也常被叫作Integration Test、集成测。 VibeHub 可视化图解与使用边界 ·…,ok
JavaScript,https://vibe-hub.org/javascript,zh,javascript,pages/zh/javascript.md,JavaScript 是可在浏览器和 Node.js 等运行环境中执行、用于实现交互和程序逻辑的编程语言. 例如，浏览器里的 JavaScript 可在点击“完成”后发送请求，并把待办状态更新到页面；使用 Node.js 的 JavaScript 则运行在服务器。两者是不同的运行环境，密码和可信的权限检查不能只放在浏览器里。…,ok
JSON,https://vibe-hub.org/json,zh,json,pages/zh/json.md,软件之间传递结构化数据时常用的文本格式. 例如，天气服务可以用 JSON 返回城市、温度和天气状态，App 再读取这些字段显示出来。JSON 能包含对象、列表、文字、数字和真假值，收到后仍要检查字段是否符合预期。 也常被叫作JSON 数据、JavaScript Object Notation。 VibeHub 可视化图解与使用边界 ·…,ok
表单标签 Label,https://vibe-hub.org/label,zh,label,pages/zh/label.md,表单标签是说明一个输入控件需要填写或选择什么的可见文字. 登录页的“邮箱”标签应始终显示，并且点击后能让对应输入框获得焦点。必填、格式和错误原因应在附近补充，不能只依赖占位文字。 也常被叫作字段标签、输入标签。 VibeHub 可视化图解与使用边界 · 前端术语。,ok
链接 Link,https://vibe-hub.org/link,zh,link,pages/zh/link.md,链接是带用户前往另一个页面、页内位置或资源地址的可点击文本或元素. 例如“查看订单详情”可打开详情页，“下载发票”可取得文件。链接不应用来提交或保存数据；这类动作应使用按钮。 VibeHub 可视化图解与使用边界 · 前端术语。,ok
代码规范检查 Lint,https://vibe-hub.org/lint,zh,lint,pages/zh/lint.md,Lint 是不运行完整程序、按源码规则发现可疑写法和一致性问题的静态检查。 例如 ESLint 可以标出未使用变量、危险的 Promise 处理或不符合项目规则的写法，并给出文件和行号。它能提前拦住一部分问题，但不能证明按钮点击、接口请求等运行时行为正确。 也常被叫作Lint、Linter、代码检查。 VibeHub…,ok
列表 List,https://vibe-hub.org/list,zh,list,pages/zh/list.md,列表是按相同结构连续排列多条内容或记录的数据组件. 消息、文章和联系人可一行一条从上向下浏览。它适合不需逐列比较的信息；需要比较固定字段时使用表格通常更清楚。 VibeHub 可视化图解与使用边界 · 前端术语。,ok
外边距 Margin,https://vibe-hub.org/margin,zh,margin,pages/zh/margin.md,外边距是元素边框外的透明空间，用来控制它与周围元素之间的距离. 两张卡片之间或标题与正文之间可用 margin 留空。普通块级兄弟的上下 margin 在特定文档流中可能合并；Flex、Grid 子项不会这样合并，父容器的边框或内边距也会影响父子外边距合并。 VibeHub 可视化图解与使用边界 · 前端术语。,ok
Markdown,https://vibe-hub.org/markdown,zh,markdown,pages/zh/markdown.md,Markdown 是用少量排版符号表示标题、列表和代码的结构化纯文本格式. 例如，# 表示标题、- 表示列表、三个反引号可围住代码块。它适合 README、需求文档、知识库和笔记；需要精确布局、品牌视觉或复杂交互时，通常还要使用 HTML、CSS 和 JavaScript。 也常被叫作Markdown 文档、MD…,ok
MCP Model Context Protocol,https://vibe-hub.org/mcp,zh,mcp,pages/zh/mcp.md,MCP 是让 AI 应用连接日历、文件、数据库等外部工具和资料的一套通用协议。 例如接入日历 MCP 服务器后，Agent 可以发现“查询日程”工具并提出查询请求；服务器返回真实日程，应用再显示结果。MCP 只规定连接和通信方式，不会自动授予日历权限。 也常被叫作Model Context Protocol、模型上下文协议。…,ok
导航菜单 Menu,https://vibe-hub.org/menu,zh,menu,pages/zh/menu.md,导航菜单是按层级组织页面或功能入口、帮助用户在产品中移动的导航组件. 后台可用侧边菜单列出“项目、成员、设置”，并高亮当前位置。它用于前往不同位置；切换同一对象的平级内容应使用标签页。 VibeHub 可视化图解与使用边界 · 前端术语。,ok
合并 Merge,https://vibe-hub.org/merge,zh,merge,pages/zh/merge.md,Merge 是把另一条分支的提交整合到当前分支的 Git 操作. 例如，功能完成后可把功能分支合入主版本。两边改了同一处时 Git 会标出冲突，需要决定最终内容、清理标记并重新测试。 VibeHub 可视化图解与使用边界 · Git术语。,ok
弹窗 Modal,https://vibe-hub.org/modal,zh,modal,pages/zh/modal.md,弹窗是覆盖在当前页面上方、暂时集中用户处理一项任务的对话框组件. 确认删除、填写短表单或预览内容可在弹窗内完成。它会限制背景操作，因此只用于确实需要集中注意力的任务，并要管理关闭和键盘焦点。 VibeHub 可视化图解与使用边界 · 前端术语。,ok
监控 Monitoring,https://vibe-hub.org/monitoring,zh,monitoring,pages/zh/monitoring.md,监控是持续采集和观察生产指标、日志与告警，以发现异常并判断系统健康。 例如新版本发布后持续观察错误率、请求延迟和预订成功率，越过阈值时通知负责人并关联版本。一次测试报告只说明当时的检查结果，不能替代上线后的持续信号。 也常被叫作Monitoring、生产监控、应用监控。 VibeHub 可视化图解与使用边界 · 后端术语。,ok
多模态 Multimodal AI,https://vibe-hub.org/multimodal,zh,multimodal,pages/zh/multimodal.md,多模态 AI 能在同一个任务里结合文字、图片、音频或视频等不同形式的信息。 例如，把手机结账页的截图和“付款按钮为什么不见了”一起发给 AI，它可以把画面里的布局和文字里的问题放在一起判断。 也常被叫作多模态 AI、多模态模型、Multimodality。 VibeHub 可视化图解与使用边界 · AI术语。,ok
MVP,https://vibe-hub.org/mvp,zh,mvp,pages/zh/mvp.md,为了验证最关键产品假设而制作的最小真实版本或实验. 例如，想验证用户是否愿意付费时，可以先向目标用户收取真实费用，再用人工方式完成提醒服务。MVP 要取得能支持决定的真实证据，不是把完整产品随便删减后上线。 也常被叫作最小可行产品、Minimum Viable Product、最小可行版本。 VibeHub 可视化图解与使用边界 ·…,ok
顶部导航栏 Navbar,https://vibe-hub.org/navbar,zh,navbar,pages/zh/navbar.md,顶部导航栏是网页页头中提供主要页面入口和当前位置提示的导航区域. 官网可以在导航栏放品牌入口、产品、价格和登录等核心链接，并为当前页面加清楚高亮。入口过多时应分组或收进菜单；移动端菜单必须能打开、关闭并用键盘操作，保存、删除等当前页动作不应伪装成主要导航。 也常被叫作导航栏、主导航栏。 VibeHub 可视化图解与使用边界 · 前端术语。,ok
Next.js,https://vibe-hub.org/nextjs,zh,nextjs,pages/zh/nextjs.md,Next.js 是用 React 制作完整网站的框架，常见于官网、内容站和带登录的 Web 应用。 例如用户打开 `/products/42` 时，Next.js 根据网址找到商品详情页面，并可先在服务器读取商品数据再显示。它不会自动提供商品数据库或后台权限。 也常被叫作Next。 VibeHub 可视化图解与使用边界 · 技术栈术语。,ok
通知 Notification,https://vibe-hub.org/notification,zh,notification,pages/zh/notification.md,在页面角落或通知中心出现，提醒用户某件事已经发生或需要处理. 例如报表导出完成后，通知可以显示“文件已生成”，并提供“下载”入口。只有需要稍后查看的消息才应保留在通知中心；短暂的操作反馈用 toast 更合适。 VibeHub 可视化图解与使用边界 · 前端术语。,ok
npm,https://vibe-hub.org/npm,zh,npm,pages/zh/npm.md,npm 是安装、管理和运行 JavaScript 项目依赖与脚本的包管理工具. npm 根据 package.json 和锁文件安装依赖，也能运行项目脚本。npm install 通常会创建 node_modules，并可能更新锁文件；持续集成中常用 npm ci 严格按现有锁文件安装。运行前要确认项目目录，陌生依赖还可能执行安装脚本…,ok
透明度 Opacity,https://vibe-hub.org/opacity,zh,opacity,pages/zh/opacity.md,透明度是通过 opacity 同时降低元素及其全部子内容可见程度的 CSS 属性. 淡入提示框或弱化非当前内容时可设置 opacity。只想让背景半透明应改用 rgba；opacity: 0 的元素仍可能占位置或被点击，隐藏交互还需处理焦点。 VibeHub 可视化图解与使用边界 · 前端术语。,ok
内容溢出 Overflow,https://vibe-hub.org/overflow,zh,overflow,pages/zh/overflow.md,Overflow 是内容超过容器可用空间时，浏览器决定如何显示、裁切或滚动的规则。 例如卡片设置固定高度后，较长内容可能越过底边；若祖先使用 `overflow: hidden`，底部说明和按钮会直接消失。Overflow 可以发生在横向或纵向，它处理“放不下以后怎么办”，不是用来掩盖本应重新排版的布局问题。 也常被叫作CSS…,ok
内边距 Padding,https://vibe-hub.org/padding,zh,padding,pages/zh/padding.md,内边距是元素内容与边框之间的留白，用来让文字或图标不紧贴组件边缘. 按钮文字四周、输入框内容与边框之间的空间通常用 padding 设置，它会带着元素的背景色并计入元素的可见尺寸。需要把组件彼此拉开时用margin；不要用外边距假装按钮内部留白，否则点击区域不会跟着变大。 VibeHub 可视化图解与使用边界 · 前端术语。,ok
分页 Pagination,https://vibe-hub.org/pagination,zh,pagination,pages/zh/pagination.md,分页是把大量结果分成多个可定位页面浏览的导航组件. 订单列表可每页显示 20 条并让用户跳到第 5 页。应显示当前页和总量并同步到网址；连续浏览的信息流可考虑加载更多。 VibeHub 可视化图解与使用边界 · 前端术语。,ok
气泡确认框 Popconfirm,https://vibe-hub.org/popconfirm,zh,popconfirm,pages/zh/popconfirm.md,气泡确认框是贴近触发操作、要求用户再次确认的轻量对话组件. 移除一个可恢复的标签时可在按钮旁确认“确定移除吗？”。永久删除或转账等高风险操作需要更完整说明，应使用modal。 VibeHub 可视化图解与使用边界 · 前端术语。,ok
气泡卡片 Popover,https://vibe-hub.org/popover,zh,popover,pages/zh/popover.md,气泡卡片是贴近触发元素展开、可承载补充信息和少量操作的浮层组件. 点击成员头像可展开其资料、链接和少量操作。只有一句简短解释时使用tooltip更合适；触屏设备不能只依赖悬停。 VibeHub 可视化图解与使用边界 · 前端术语。,ok
端口 Port,https://vibe-hub.org/port,zh,port,pages/zh/port.md,端口是同一台主机上区分不同网络服务的编号入口。 例如运行 `npm run dev` 后常可在 `http://localhost:3000` 打开网页，同时本机的接口可能监听 4000 端口。localhost 只指当前这台设备；端口让同一台电脑上的多个服务不会混在一起。 也常被叫作端口号、Port Number、localhost…,ok
定位 Position,https://vibe-hub.org/position,zh,position,pages/zh/position.md,定位是通过 CSS position 和偏移量决定元素是否脱离文档流及其参照位置的布局规则. 卡片角标常让父元素 relative、子元素 absolute；悬浮工具栏可用 fixed，滚动后固定的表头可用 sticky。普通内容优先使用正常布局；absolute、fixed 的参照物会受包含块等规则影响…,ok
PRD,https://vibe-hub.org/prd,zh,prd,pages/zh/prd.md,说明用户问题、目标、范围和成功标准的产品需求文档. 例如，做注册功能前，PRD 会写清它服务谁、这次包含哪些能力，以及怎样判断上线有效。它帮助产品、设计和开发对齐，但不需要提前写死每个技术细节。 也常被叫作产品需求文档、Product Requirements Document、产品需求。 VibeHub 可视化图解与使用边界 ·…,ok
定价区 Pricing,https://vibe-hub.org/pricing,zh,pricing,pages/zh/pricing.md,定价区是把多个套餐的价格、权益和适用对象并列比较的页面区块. 定价区让用户比较不同方案适合谁、包含哪些权益以及实际要付多少。套餐数量应反映真实需求差异，并明确币种、计费周期、本次应付总额、税费、试用和取消规则；推荐标记必须有适用条件或数据依据，也不要设置缺乏真实价值、只用于价格锚定的虚高档位。 VibeHub 可视化图解与使用边界 ·…,ok
进度条 Progress,https://vibe-hub.org/progress,zh,progress,pages/zh/progress.md,进度条是用长度、百分比或阶段表示任务完成程度的状态组件. 上传 100 MB 文件时可显示“62%”。已知总量时才显示确定百分比；不知道完成度时说明仍在处理中，并提供失败、重试或取消状态。 也常被叫作进度指示器。 VibeHub 可视化图解与使用边界 · 前端术语。,ok
拉取 Pull,https://vibe-hub.org/pull,zh,pull,pages/zh/pull.md,Pull 是获取远程新提交并把它们整合到当前分支的 Git 操作. 它用于已在电脑上的项目，例如同步 GitHub 上队友新提交的版本。执行前先 Commit 或收好未完成改动；第一次完整下载仓库应使用clone。 VibeHub 可视化图解与使用边界 · Git术语。,ok
合并请求 Pull Request,https://vibe-hub.org/pull-request,zh,pull-request,pages/zh/pull-request.md,GitHub 或 GitLab 上查看分支改动、讨论并决定是否合并的页面. 例如，新导航分支push后创建 Pull Request，评审者可以逐行查看diff、留言并确认检查结果，再决定是否合入 main。它不是 Git 命令，也不表示改动已经进入主版本。 VibeHub 可视化图解与使用边界 · Git术语。,ok
推送 Push,https://vibe-hub.org/push,zh,push,pages/zh/push.md,Push 是把本地已提交的版本发送到远程仓库的 Git 操作. 例如，把完成的 Commit 上传到 GitHub 供协作或触发部署。它不会上传未 Commit 的改动；被拒绝时先读取原因并处理远程变化，不要直接强制覆盖。 VibeHub 可视化图解与使用边界 · Git术语。,ok
Python,https://vibe-hub.org/python,zh,python,pages/zh/python.md,Python 是常用于自动化、数据处理和服务器程序的通用编程语言. 例如，脚本可读取多份 Markdown 笔记并生成 summary.csv；这是 Python 的一个常见用途，不是它的完整定义。运行前确认会读写哪些路径及是否覆盖文件；普通网页不能直接执行你电脑上的 Python。 也常被叫作Py。 VibeHub…,ok
引用 Quote,https://vibe-hub.org/quote,zh,quote,pages/zh/quote.md,引用是从正文中区分出来、并标明来源的原话或文字摘录. 文章引用专家的话或客户评价时，可用缩进、引号或边线把原文与作者观点分开。要保留说话者、出处或必要上下文；普通正文不该只为装饰做成引用。 也常被叫作引文、引用块。 VibeHub 可视化图解与使用边界 · 前端术语。,ok
单选框 Radio,https://vibe-hub.org/radio,zh,radio,pages/zh/radio.md,单选框是一组只能选中其中一个选项的表单控件. 选择支付方式或可见范围时，可将少量互斥选项直接列出。每组要有清楚的问题说明；选项较多或需要搜索时应改用 select。 VibeHub 可视化图解与使用边界 · 前端术语。,ok
评分 Rate,https://vibe-hub.org/rate,zh,rate,pages/zh/rate.md,评分控件是让用户在有顺序的等级中选择评价分值的表单控件. 商品评价常用五颗星表示满意程度，并应同时显示“4 分”等可读文字。星数、是否允许半分必须与实际评价规则一致。 VibeHub 可视化图解与使用边界 · 前端术语。,ok
速率限制 Rate Limit,https://vibe-hub.org/rate-limit,zh,rate-limit,pages/zh/rate-limit.md,速率限制是服务对一定时间内请求数、Token 数或并发任务数设置的上限. 达到限制后，请求可能排队、延迟或收到 429。具体上限会随服务、模型和账号而变化，处理时要分别看请求数、Token 数与并发任务数。 也常被叫作限流、请求频率限制。 VibeHub 可视化图解与使用边界 · AI术语。,ok
React,https://vibe-hub.org/react,zh,react,pages/zh/react.md,React 是用组件和状态制作交互网页界面的 JavaScript 库。 例如把商品加入购物车后，右上角数量从 2 变成 3；React 根据新的购物车数据更新这处数字。商品是否真的加入、刷新后还在不在，仍取决于后端和数据保存。 也常被叫作React.js。 VibeHub 可视化图解与使用边界 · 技术栈术语。,ok
ReAct,https://vibe-hub.org/react-pattern,zh,react-pattern,pages/zh/react-pattern.md,让 Agent 反复执行“判断下一步—调用工具—读取结果”的任务模式。 例如整理竞品资料时，Agent 先判断还缺什么，调用搜索工具，读取结果，再决定继续查证还是开始汇总。ReAct 描述这组任务动作，不负责工具权限和最多能尝试多少次。 也常被叫作ReAct 机制、Reason + Act、推理行动模式。 VibeHub…,ok
重定向 Redirect,https://vibe-hub.org/redirect,zh,redirect,pages/zh/redirect.md,重定向是服务器或浏览器把一个 URL 的访问带到另一个 URL 的机制。 例如产品改名后，旧链接可自动带到对应的新地址；登录成功后也常从登录页进入原本想看的页面。它改变访问的目标地址，不等于页面内部切换视图，也不该把无关旧内容一律送去首页。 也常被叫作URL 重定向、跳转。 VibeHub 可视化图解与使用边界 · 后端术语。,ok
回归测试 Regression Test,https://vibe-hub.org/regression-test,zh,regression-test,pages/zh/regression-test.md,回归测试是确认一次修改没有破坏原本正常功能的测试。 例如改优惠券规则后，除了验证新规则，还要按风险重跑支付、退款和订单查询的旧用例。只重测刚修复的一个缺陷不能代表完成了所需的回归范围。 也常被叫作Regression Test、回归检查。 VibeHub 可视化图解与使用边界 · 技术栈术语。,ok
TTFT / TPS,https://vibe-hub.org/response-speed,zh,response-speed,pages/zh/response-speed.md,TTFT 与 TPS 是分别衡量模型首段响应等待时间和后续生成速度的指标. TTFT 是从发送请求到收到第一个输出 Token 的时间，TPS 表示开始生成后每秒产生的 Token 数。TTFT 短不代表整段回答很快，输出长度也会影响总时长。 也常被叫作TTFT 与 TPS、TTFT & TPS、首 Token 延迟。 VibeHub…,ok
响应式设计 Responsive Design,https://vibe-hub.org/responsive-design,zh,responsive-design,pages/zh/responsive-design.md,响应式设计是让同一界面根据可用空间和设备能力调整布局与交互的设计方法。 例如 1440px 宽度显示三列卡片和完整导航，390px 宽度改为一列、放大触控目标并折叠次要导航。断点和媒体查询是常见实现手段；目标不是把桌面页面等比例缩小，而是让任务仍可读、可点、可完成。 也常被叫作响应式网页设计、自适应设计、Responsive Web…,ok
结果页 Result,https://vibe-hub.org/result,zh,result,pages/zh/result.md,结果页是在一个完整流程结束后集中说明结果和下一步操作的页面状态. 支付失败时可说明失败原因并提供重试，审核完成后可提供返回入口。它用于流程结束；404 等访问错误应使用对应的错误页面。 VibeHub 可视化图解与使用边界 · 前端术语。,ok
回滚 Rollback,https://vibe-hub.org/rollback,zh,rollback,pages/zh/rollback.md,回滚是把系统或配置恢复到先前已知可用状态，以停止新版本造成的影响。 例如 v2 上线后错误率明显上升，可以把流量切回 v1，再检查线上版本和关键指标是否恢复。修好代码后发布 v3 属于向前修复；关闭功能开关也不一定改变部署版本。 也常被叫作Rollback、版本回滚、回退。 VibeHub 可视化图解与使用边界 · 后端术语。,ok
路由与端点 Route & Endpoint,https://vibe-hub.org/route,zh,route,pages/zh/route.md,决定一种请求进入后端后，应该交给哪段代码处理. 例如，GET /api/posts 会交给读取文章列表的代码，POST /api/posts 会交给创建文章的代码。端点就是外部可以请求的具体入口，每一条都要说明输入、成功和失败结果。 VibeHub 可视化图解与使用边界 · 后端术语。,ok
搜索 Search,https://vibe-hub.org/search,zh,search,pages/zh/search.md,搜索是根据用户输入的关键词，从内容集合中找出可能相关结果的功能。 例如用户输入“预算”后，项目名称、描述或标签中包含相关词的项目出现在结果里；帮助中心也可按问题关键词找文章。它回答“我要找什么”，结果通常按匹配程度或其他规则排序，不是用固定条件缩小全部内容。 也常被叫作站内搜索、关键词搜索、内容搜索。 VibeHub…,ok
分段控件 Segmented,https://vibe-hub.org/segmented,zh,segmented,pages/zh/segmented.md,把少量选项并排放在一起，点一下就切换当前查看方式. 例如在任务页点击“列表 / 看板 / 日历”，同一批任务会换一种展示方式。它不负责前往另一个页面；选项很多时也不适合全部塞进这里。 也常被叫作分段选择器、Segmented Control。 VibeHub 可视化图解与使用边界 · 前端术语。,ok
选择器 Select,https://vibe-hub.org/select,zh,select,pages/zh/select.md,选择器是从固定选项列表中选择一个或多个值的表单控件. 城市、部门等选项较多且不适合平铺时可收进选择器。只有少量选项时 radio 更直观；允许用户自定义内容时应使用输入框或 auto-complete。 也常被叫作下拉选择框、Select Box。 VibeHub 可视化图解与使用边界 · 前端术语。,ok
选中高亮 Selection,https://vibe-hub.org/selection,zh,selection,pages/zh/selection.md,选中高亮是用户拖选网页文字后，浏览器为选区显示的前景色和背景色. 可用 ::selection 为文章或说明文字设置选区颜色，并在不同主题下检查对比度。它可以适度使用品牌色，但不能影响文字辨认；user-select: none 只适合拖拽手柄等确实不应被选中的元素，正文和说明通常应允许复制。 VibeHub 可视化图解与使用边界 ·…,ok
SEO,https://vibe-hub.org/seo,zh,seo,pages/zh/seo.md,SEO 是帮助搜索引擎理解、发现和呈现网页内容的一组持续优化工作。 例如一篇真实回答用户问题的帮助文章，用清楚的标题、正文结构和可访问链接，更容易被搜索系统正确理解；商品页也要让内容和链接可被访问。SEO 提高被理解和展示的基础条件，不承诺某个关键词一定排第几名。 也常被叫作搜索引擎优化、Search Engine…,ok
衬线与非衬线 Serif & Sans,https://vibe-hub.org/serif-sans,zh,serif-sans,pages/zh/serif-sans.md,衬线与非衬线是按笔画末端是否带有装饰来区分的两类字体风格. Georgia 和中文宋体属于常见衬线字体，系统黑体属于常见非衬线字体；两类都可用于标题或正文。选择时要测试中文和西文覆盖、正文可读性、品牌需求与加载性能，不能只凭“衬线优雅、非衬线现代”的固定印象。 VibeHub 可视化图解与使用边界 · 前端术语。,ok
服务端日志 Server Logs,https://vibe-hub.org/server-log,zh,server-log,pages/zh/server-log.md,记录后端运行时发生了什么，主要用来查找失败原因. 例如，用户提交订单时出现 500 错误；如果记录了关键步骤，日志可以帮助判断问题发生在数据库连接还是权限检查。日志要保留时间和必要线索，但不能记录密码、Token、Cookie 或完整个人资料。 VibeHub 可视化图解与使用边界 · 后端术语。,ok
Serverless,https://vibe-hub.org/serverless,zh,serverless,pages/zh/serverless.md,把后端代码交给云平台按请求或事件运行，不必自己管理服务器和扩缩容. 例如，用户提交联系表单后，一个 Serverless 函数可以保存内容并发送通知。它并非没有服务器；运行时长、是否保存状态和费用仍受平台规则限制。 也常被叫作Serverless 函数、无服务器计算。 VibeHub 可视化图解与使用边界 · 后端术语。,ok
shadcn/ui,https://vibe-hub.org/shadcn-ui,zh,shadcn-ui,pages/zh/shadcn-ui.md,shadcn/ui 是一套可复制进 React 项目并直接修改的界面组件代码，常见于按钮、表单和弹窗。 例如添加 Button 后，项目里会多出一个按钮组件文件；你改这份文件，网站里的按钮也会跟着变。它不是在线组件服务，后续维护要由项目自己负责。 也常被叫作shadcn。 VibeHub 可视化图解与使用边界 · 技术栈术语。,ok
阴影 Shadow,https://vibe-hub.org/shadow,zh,shadow,pages/zh/shadow.md,阴影是通过 box-shadow 在元素周围绘制投影，用来区分界面层级的 CSS 效果. 弹窗、浮动菜单和需要与背景分开的卡片可以用 box-shadow；前两个值控制 x / y 偏移，后面可设置模糊、扩散和颜色。阴影只能辅助表达层级，浅色界面应保持轻微且方向一致；给每张卡片都加重阴影会让页面显得杂乱。 VibeHub…,ok
左侧栏布局 Sidebar,https://vibe-hub.org/sidebar-layout,zh,sidebar-layout,pages/zh/sidebar-layout.md,侧栏布局是一种把层级导航放在页面一侧、把主要任务内容放在另一侧的页面结构. 后台和工具产品常在左侧用侧栏组织项目、设置或功能入口，右侧留给当前工作区。需要明确侧栏宽度、折叠方式和内容区最小宽度；窄屏通常改成可开关的抽屉，并提供遮罩、关闭入口和正确的键盘焦点。 VibeHub 可视化图解与使用边界 · 前端术语。,ok
单页滚动布局 Single Page,https://vibe-hub.org/single-page-layout,zh,single-page-layout,pages/zh/single-page-layout.md,单页滚动布局是一种把相关内容按阅读顺序放在同一长页面中的页面结构. 活动页或产品介绍常在一页中依次呈现问题、价值、证据和cta。页面很长时应提供清楚章节、页内跳转和返回路径；内容若分别服务不同任务，就应拆成多个页面，而不是强迫用户一直滚动。 VibeHub 可视化图解与使用边界 · 前端术语。,ok
骨架屏 Skeleton,https://vibe-hub.org/skeleton,zh,skeleton,pages/zh/skeleton.md,页面加载时先出现的灰色轮廓，用来占住稍后内容的位置. 例如打开商品列表时，可先看到图片框和两行文字的轮廓，真实内容到达后再替换。它只表示正在加载；等待过久或加载失败时，必须改成明确的提示和重试入口。 VibeHub 可视化图解与使用边界 · 前端术语。,ok
Skill,https://vibe-hub.org/skill,zh,skill,pages/zh/skill.md,Skill 是一个有固定格式的文件夹，入口通常是 SKILL.md。 文件夹里可以继续放说明、脚本、资料和模板。Agent 遇到对应任务时，会读取这些文件并按里面的做法完成工作。 也常被叫作技能。 VibeHub 可视化图解与使用边界 · AI术语。,ok
跳过导航链接 SkipLink,https://vibe-hub.org/skip-link,zh,skip-link,pages/zh/skip-link.md,键盘用户按 Tab 后出现的快捷入口，点击可直接跳过顶部导航到正文. 例如进入文档站时，用户可以先按一次 Tab，再选择“跳到主要内容”，不用逐个经过 Logo、搜索和菜单。它获得焦点时必须看得见，但不能代替正常的页面导航。 也常被叫作跳到主内容、Skip to content。 VibeHub 可视化图解与使用边界 · 前端术语。,ok
滑块 Slider,https://vibe-hub.org/slider,zh,slider,pages/zh/slider.md,滑块是沿着一段连续或分级范围调整数值的表单控件. 音量、亮度和价格区间可用滑块调整。应显示范围、当前值并支持键盘操作；需要精确输入 50 等具体数值时，还要提供 input-number。 VibeHub 可视化图解与使用边界 · 前端术语。,ok
冒烟测试 Smoke Test,https://vibe-hub.org/smoke-test,zh,smoke-test,pages/zh/smoke-test.md,冒烟测试是新构建后用少量关键检查判断系统是否基本可用、值得继续深测。 例如先打开首页、完成一次登录并检查核心接口健康；任一关键入口失败就阻断后续测试。它追求广而浅的快速判断，不是完整回归测试，也不应把所有用例都塞进来。 也常被叫作Smoke Test、冒烟检查、Build Verification Test。 VibeHub…,ok
社会证明 SocialProof,https://vibe-hub.org/social-proof,zh,social-proof,pages/zh/social-proof.md,社会证明是展示真实客户、使用数据、评价或媒体报道，以提供外部信任依据的内容. 客户 Logo、经授权的案例、可说明口径的用户数量和评分都可作为社会证明。它帮助访客判断是否有人实际使用；来源、统计口径和授权必须真实清楚，不能编造客户、数字或评价。 VibeHub 可视化图解与使用边界 · 前端术语。,ok
间距 Space,https://vibe-hub.org/space,zh,space,pages/zh/space.md,间距是用内容之间的留白表达关联和分组关系的布局规则. 表单标签应靠近对应输入框，两个不同设置组之间则留出更大空白。项目应复用固定间距档位，不要为每个位置任意填写数值。 VibeHub 可视化图解与使用边界 · 前端术语。,ok
旋转加载指示器 Spinner,https://vibe-hub.org/spinner,zh,spinner,pages/zh/spinner.md,旋转加载指示器是用持续旋转表示系统正在处理、但完成度未知的状态组件. 点击保存后短暂等待时，可在按钮旁显示旋转指示器并说明“正在保存”。等待过长时不能只让它旋转，应提供取消、重试或失败结果。 也常被叫作加载圈、Loading Spinner。 VibeHub 可视化图解与使用边界 · 前端术语。,ok
弹性 Spring,https://vibe-hub.org/spring,zh,spring,pages/zh/spring.md,弹性动画是一种用刚度、阻尼和质量等物理参数计算运动的动效方式. 拖拽卡片松手后的回弹可使用 spring，通过参数控制速度、过冲和停止方式。CSS transition 没有通用原生 spring 类型，通常需要动画库或经过设计的easing近似；它不适合严肃确认、持续阅读或让所有元素同时弹动。 VibeHub 可视化图解与使用边界…,ok
SQL,https://vibe-hub.org/sql,zh,sql,pages/zh/sql.md,后端或数据库工具用来查找和修改关系型数据的语言. 例如，管理员筛选所有未付款订单时，后端会用 SQL 从订单表中查出结果。修改或删除数据前必须确认影响范围，用户输入也不能直接拼进 SQL 命令。 也常被叫作SQL 查询、结构化查询语言。 VibeHub 可视化图解与使用边界 · 后端术语。,ok
预发布环境 Staging,https://vibe-hub.org/staging,zh,staging,pages/zh/staging.md,预发布环境是在生产发布前，用接近生产的配置验证候选版本的独立环境。 例如同一 commit 可先部署到 Staging，连接独立服务、测试支付和脱敏订单，再从预发布地址验收。Staging 属于测试环境，但不是所有本地、CI 临时环境或测试网址都叫 Staging。 也常被叫作Staging、Staging…,ok
贮藏 Stash,https://vibe-hub.org/stash,zh,stash,pages/zh/stash.md,把当前没做完的改动临时收起来，让工作区先恢复干净. 例如，首页改到一半却要切去修 Bug，可以先 Stash，处理完再恢复。刚新建且从未加入 Git 的文件默认不会被收起，操作前要看 git status；Stash 只适合短期中转，正式成果仍要commit。 VibeHub 可视化图解与使用边界 · Git术语。,ok
状态 State,https://vibe-hub.org/state,zh,state,pages/zh/state.md,状态是界面在当前时刻需要记住、并会随操作或结果变化的信息。 例如表单正在提交、弹窗是否打开、购物车数量和当前筛选条件都是状态；同一个组件会根据这些值显示不同画面。它不是组件本身，也不是所有长期数据都应只放在页面状态里。 也常被叫作UI 状态、界面状态、UI State。 VibeHub 可视化图解与使用边界 · 前端术语。,ok
无状态请求 Stateless Request,https://vibe-hub.org/stateless-request,zh,stateless-request,pages/zh/stateless-request.md,无状态请求是每次向模型提问时，都要重新带上它这次需要知道的背景。 例如你只发送“把第二条改短”，却没有同时带上前面的三条标题，模型就不知道“第二条”指什么。聊天记录可以由产品保存，但不会因为界面还看得到就自动进入这次请求。 也常被叫作无状态 API。 VibeHub 可视化图解与使用边界 · AI术语。,ok
统计数值 Statistic,https://vibe-hub.org/statistic,zh,statistic,pages/zh/statistic.md,在首页或数据看板上突出显示人数、金额、比例等关键数字. 例如“本周订单 486，较上周增加 12%”同时告诉用户数值和比较对象。只写“↑12%”却不说明和谁相比，会让结果失去意义。 VibeHub 可视化图解与使用边界 · 前端术语。,ok
步骤条 Steps,https://vibe-hub.org/steps,zh,steps,pages/zh/steps.md,步骤条是展示多步流程及当前进度的导航与状态组件. 注册可显示“填写信息、验证邮箱、完成”，让用户知道当前在哪一步。它只展示状态；能否返回、跳过或等待审核需要页面另外说明。 也常被叫作Stepper、步骤指示器、流程步骤条。 VibeHub 可视化图解与使用边界 · 前端术语。,ok
吸顶 Sticky,https://vibe-hub.org/sticky,zh,sticky,pages/zh/sticky.md,吸顶是一种让元素先按正常位置排列、滚动到指定边界后暂时固定显示的 CSS 定位方式. position: sticky 让元素平时留在文档流，滚到 top 或 bottom 等阈值后暂时吸附。它受最近滚动祖先和包含块边界限制；祖先的 overflow 可能改变它跟随的滚动容器，容器没有足够滚动距离时也看不到效果…,ok
流式响应 Streaming Response,https://vibe-hub.org/streaming-response,zh,streaming-response,pages/zh/streaming-response.md,流式响应是服务器把生成结果分成连续片段发送、界面逐段显示的传输方式. 例如，聊天回答会像打字一样逐段出现。首段更早可见不代表整份回答更早完成，总时长仍受后续生成和传输影响。 也常被叫作Streaming、流式输出。 VibeHub 可视化图解与使用边界 · AI术语。,ok
结构化输出 Structured Output,https://vibe-hub.org/structured-output,zh,structured-output,pages/zh/structured-output.md,结构化输出是要求模型按预先规定的字段和数据类型返回结果的方式. 例如，可把邮件抽取为包含日期、地点和标题的 JSON，供表单或日历读取。格式符合 schema 也不代表数据真实可用，仍要检查日期、金额等业务规则。 也常被叫作响应格式。 VibeHub 可视化图解与使用边界 · AI术语。,ok
苹果风 Apple HIG,https://vibe-hub.org/style-apple,zh,style-apple,pages/zh/style-apple.md,苹果风是一种借鉴 Apple 产品界面和官网表达方式的设计风格. 常见做法包括充足留白、清楚的单屏重点、连续圆角和克制的半透明材质。想做出这种风格，素材质量、文字对比度和内容节奏比照抄圆角或模糊数值更重要。 VibeHub 可视化图解与使用边界 · 设计风格术语。,ok
Bento 便当格 Bento Grid,https://vibe-hub.org/style-bento,zh,style-bento,pages/zh/style-bento.md,Bento 便当格是一种用大小不同的卡片组织并列信息的网格布局. 它常把重要功能放进大卡片，把补充数据或次要信息放进小卡片，适合产品总览和仪表盘。列数、圆角和卡片数量没有固定答案，手机上通常需要重新排序并减少列数。 VibeHub 可视化图解与使用边界 · 设计风格术语。,ok
新粗野 Neo-Brutalism,https://vibe-hub.org/style-brutalism,zh,style-brutalism,pages/zh/style-brutalism.md,新粗野是一种用粗描边、硬阴影和高对比色建立强烈识别的视觉风格. 它常见于活动页、数字商品和独立产品，也会配合大号粗体与按压位移。视觉冲击不能盖过核心任务，描边、阴影和字重也要随组件尺寸调整。 VibeHub 可视化图解与使用边界 · 设计风格术语。,ok
DTC 品牌电商 DTC E-commerce,https://vibe-hub.org/style-commerce,zh,style-commerce,pages/zh/style-commerce.md,DTC 品牌电商是一种由品牌直接面向消费者销售商品的网站类型. 页面通常把商品作为视觉中心，同时说明价格、规格、评价、配送和退换信息，并提供稳定的购买路径。生活方式摄影可以建立品牌感受，但不能让网站只像画册而无法完成购买。 VibeHub 可视化图解与使用边界 · 设计风格术语。,ok
深色界面 Dark UI,https://vibe-hub.org/style-dark-tech,zh,style-dark-tech,pages/zh/style-dark-tech.md,深色界面是一种以深色背景和浅色前景为主的界面配色方案. 它常见于影音、创作工具和开发者产品，但不等于科技风或赛博朋克。设计时要用分层灰度区分表面，保证文字对比度，并把高亮色留给真正重要的状态和操作。 VibeHub 可视化图解与使用边界 · 设计风格术语。,ok
杂志编辑风 Editorial,https://vibe-hub.org/style-editorial,zh,style-editorial,pages/zh/style-editorial.md,杂志编辑风是一种借用纸媒排版方法组织网页内容的视觉风格. 它常用衬线标题、分栏、图注和明显的字号对比，适合品牌故事、长文和年报。这些元素不必全部出现，行宽、行距和栏数要分别按语言与屏幕测试。 VibeHub 可视化图解与使用边界 · 设计风格术语。,ok
B2B 企业官网 B2B Corporate Site,https://vibe-hub.org/style-enterprise,zh,style-enterprise,pages/zh/style-enterprise.md,B2B 企业官网是一种面向组织采购决策的网站类型. 企业客户往往需要多人评估产品、合规、实施和服务，因此页面要提供清楚导航、行业场景、客户案例与信任信息。视觉表达可以有力量，但每项主张都要有数据、案例或产品能力支撑。 VibeHub 可视化图解与使用边界 · 设计风格术语。,ok
扁平化 Flat Design,https://vibe-hub.org/style-flat,zh,style-flat,pages/zh/style-flat.md,扁平化是一种减少立体材质、用纯色和简化图形组织界面的设计风格. 它适合响应式产品和工具页面，通常依靠排版、色块和清楚分区建立层级。阴影和纹理减少以后，可点击状态更需要通过文字、边界和交互反馈表达。 VibeHub 可视化图解与使用边界 · 设计风格术语。,ok
玻璃拟态 Glassmorphism,https://vibe-hub.org/style-glass,zh,style-glass,pages/zh/style-glass.md,玻璃拟态是一种用半透明和背景模糊表现前后层次的视觉风格. 它常在导航、浮层和展示页面中配合边界高光与柔和阴影使用。文字对比度要先于材质效果，并为低性能或不支持滤镜的设备准备实色背景。 VibeHub 可视化图解与使用边界 · 设计风格术语。,ok
材料设计 Material Design,https://vibe-hub.org/style-material,zh,style-material,pages/zh/style-material.md,Material Design 是 Google 推出的一套跨设备界面设计系统. 它用颜色、组件、表面层级和动效统一 Android 与其他平台上的界面体验。实际项目应参考当前版本和所用平台的组件，不必照搬早期纸张隐喻或固定配色。 VibeHub 可视化图解与使用边界 · 设计风格术语。,ok
孟菲斯 Memphis,https://vibe-hub.org/style-memphis,zh,style-memphis,pages/zh/style-memphis.md,孟菲斯是一种用鲜明配色、几何图案和不对称构图表达活力的设计风格. 它常用波点、三角和波浪线打破严肃秩序，适合活动、教育和创意品牌。装饰可以活跃画面，但正文、表单和主要操作仍要保持稳定清楚。 VibeHub 可视化图解与使用边界 · 设计风格术语。,ok
现代简约 Minimalism,https://vibe-hub.org/style-minimal,zh,style-minimal,pages/zh/style-minimal.md,现代简约是一种减少非必要装饰、突出内容和操作的视觉风格. 它通常用留白、清楚的字号层级、少量颜色和一致组件来组织页面。圆角、阴影和间距没有固定配方，仍要根据品牌、内容密度和使用场景决定。 VibeHub 可视化图解与使用边界 · 设计风格术语。,ok
新拟态 Neumorphism,https://vibe-hub.org/style-neumorphism,zh,style-neumorphism,pages/zh/style-neumorphism.md,新拟态是一种用同色背景和明暗双阴影表现凸凹质感的视觉风格. 它会让按钮和卡片看起来像从背景中凸出或凹下，但边界和可点击状态容易不清楚。它更适合展示页面或局部装饰，关键操作要先保证对比度和识别性。 VibeHub 可视化图解与使用边界 · 设计风格术语。,ok
Notion 风 Notion Style,https://vibe-hub.org/style-notion,zh,style-notion,pages/zh/style-notion.md,Notion 风是一种以文档阅读和编辑为中心的轻量界面风格. 它常用浅色画布、简洁图标、细分割线和按需出现的次要操作，适合笔记、知识库和协作工具。隐藏操作不能只在鼠标悬停时出现，还要让键盘和触屏用户找得到。 VibeHub 可视化图解与使用边界 · 设计风格术语。,ok
有机设计 Organic Design,https://vibe-hub.org/style-organic,zh,style-organic,pages/zh/style-organic.md,有机设计是一种借用自然形状、材料纹理和大地色的视觉风格. 它常见于食品、健康、家居和可持续品牌，并用流动曲线与不规则轮廓弱化机械感。“有机”只描述形式语言，不自动代表环保，产品来源和服务承诺仍要具体说明。 VibeHub 可视化图解与使用边界 · 设计风格术语。,ok
趣味插画 Playful Illustration,https://vibe-hub.org/style-playful,zh,style-playful,pages/zh/style-playful.md,趣味插画是一种用角色、场景和夸张图形建立品牌个性的视觉方向. 它常与鲜明配色、圆润形状和轻量动效搭配，适合教育、创作和年轻消费产品。插画负责表达语气，不能遮挡正文、表单和主要操作。 VibeHub 可视化图解与使用边界 · 设计风格术语。,ok
SaaS 产品官网 SaaS Marketing Site,https://vibe-hub.org/style-saas,zh,style-saas,pages/zh/style-saas.md,SaaS 产品官网是一种面向软件订阅产品的营销网站类型. 它通常先说明产品为谁解决什么问题，再用真实界面、客户案例和数据建立信任，最后引导访客试用或咨询。页面可以采用不同视觉风格，但产品证据和行动路径不能被装饰取代。 VibeHub 可视化图解与使用边界 · 设计风格术语。,ok
拟物化 Skeuomorphism,https://vibe-hub.org/style-skeuomorphism,zh,style-skeuomorphism,pages/zh/style-skeuomorphism.md,拟物化是一种模仿现实物体外观和操作线索的界面设计风格. 它会借用皮革、金属、纸张、旋钮和实体按钮等熟悉线索帮助用户理解操作。现在多用于复古主题、乐器类应用和局部装饰，材质细节不能压过文字和功能。 VibeHub 可视化图解与使用边界 · 设计风格术语。,ok
瑞士排版 Swiss Style,https://vibe-hub.org/style-swiss,zh,style-swiss,pages/zh/style-swiss.md,瑞士排版是一种用严格网格、无衬线字体和清楚对齐组织信息的设计风格. 它适合作品集、展览、年报和海报式页面，重点是让信息层级客观有序。左对齐与黑白红只是经典例子；开始设计前仍要先整理内容优先级。 VibeHub 可视化图解与使用边界 · 设计风格术语。,ok
终端极客风 Terminal Aesthetic,https://vibe-hub.org/style-terminal,zh,style-terminal,pages/zh/style-terminal.md,终端极客风是一种借用命令行界面元素的网页视觉风格. 它常用等宽字体、提示符、命令输出、ASCII 分隔线和有限色彩，适合开发者工具与 API 文档。命令应保留为可复制的真实文字，整页也不必全部做成黑底绿字。 VibeHub 可视化图解与使用边界 · 设计风格术语。,ok
日式侘寂 Wabi-sabi,https://vibe-hub.org/style-wabisabi,zh,style-wabisabi,pages/zh/style-wabisabi.md,侘寂风是一种用自然材料、留白和不对称表达时间与不完美的视觉风格. 它常见于家居、器物、旅宿和慢阅读页面，会使用低刺激色彩、材料肌理与手工细节放慢节奏。它不等同于某个品牌，也不是米白配宋体的固定模板。 VibeHub 可视化图解与使用边界 · 设计风格术语。,ok
Y2K,https://vibe-hub.org/style-y2k,zh,style-y2k,pages/zh/style-y2k.md,Y2K 是一种重新演绎千禧年前后数字文化的复古视觉风格. 它常用金属银、半透明塑料、糖果色和圆润轮廓，适合音乐、时尚和主题活动页面。这些元素用来表达年代感，不是一套必须照抄的颜色与圆角公式。 也常被叫作Y2K 千禧风、千禧风。 VibeHub 可视化图解与使用边界 · 设计风格术语。,ok
Sub-agent,https://vibe-hub.org/sub-agent,zh,sub-agent,pages/zh/sub-agent.md,Sub-agent 是主 Agent 临时请来专门处理一部分工作的另一个 Agent，常见于并行研究、测试和审查。 例如上线前，主 Agent 可以让一个 Sub-agent 检查页面文字，另一个检查手机布局，再汇总两边结果。它不会自动知道全部背景，任务范围、可用权限和返回内容要由主 Agent 说明。 也常被叫作子…,ok
开关 Switch,https://vibe-hub.org/switch,zh,switch,pages/zh/switch.md,开关是表示并立即切换一项功能开启或关闭状态的表单控件. 深色模式或自动保存适合用开关，并应在切换后反馈成功或失败。若多个设置需要统一保存，应改用 checkbox 配合按钮。 VibeHub 可视化图解与使用边界 · 前端术语。,ok
系统提示词 System Prompt,https://vibe-hub.org/system-prompt,zh,system-prompt,pages/zh/system-prompt.md,系统提示词是 AI 产品在背后先交给模型的规则，例如客服助手该用什么语气、哪些问题不能自行处理。 例如客服助手收到“退款超过 500 元要转人工”这条规则后，会在遇到大额退款时提示转接。它只能影响模型的回答，真正拦住退款仍要靠产品的权限检查。 也常被叫作系统指令、System Instructions。 VibeHub…,ok
表格 Table,https://vibe-hub.org/table,zh,table,pages/zh/table.md,表格是按行和列展示同一组字段、便于比较多条记录的数据组件. 订单、成员和库存可放进表格逐列比较。排序、筛选和分页需明确反馈当前状态；列很多时还要处理小屏和横向滚动。 VibeHub 可视化图解与使用边界 · 前端术语。,ok
标签页 Tabs,https://vibe-hub.org/tabs,zh,tabs,pages/zh/tabs.md,标签页是在同一页面内切换平级内容面板的导航组件. 项目详情可在“概览、配置、日志”之间切换。要清楚显示当前标签和是否保留输入状态；本质为不同页面的内容应使用导航菜单。 VibeHub 可视化图解与使用边界 · 前端术语。,ok
标签 Tag,https://vibe-hub.org/tag,zh,tag,pages/zh/tag.md,标签是用短文字标记内容状态、类别、属性或筛选条件的组件. 订单旁的“已支付”或筛选区的“北京”都可用标签。颜色只辅助扫读，文字必须表达含义；带关闭入口的标签才可移除条件。 VibeHub 可视化图解与使用边界 · 前端术语。,ok
Tailwind CSS,https://vibe-hub.org/tailwind-css,zh,tailwind-css,pages/zh/tailwind-css.md,Tailwind CSS 是通过组合工具类名来编写网页样式的 CSS 框架. 例如，p-6、rounded-xl 和 border 分别控制留白、圆角和边框。类名很长时可按留白、文字、边框和布局分组阅读，重复组合应收进组件。 也常被叫作Tailwind。 VibeHub 可视化图解与使用边界 · 技术栈术语。,ok
技术栈 Tech Stack,https://vibe-hub.org/tech-stack,zh,tech-stack,pages/zh/tech-stack.md,技术栈是开发和运行一个软件所使用的一组语言、框架、数据与工具. 例如，一个网站可组合 JavaScript、React、数据库、构建工具和部署平台；它们分别负责页面、交互、数据和运行。先看现有项目正在使用什么，不要为了“配齐”而同时替换页面、样式和启动方式。 也常被叫作技术选型、开发栈。 VibeHub 可视化图解与使用边界 ·…,ok
终端命令行 Terminal,https://vibe-hub.org/terminal,zh,terminal,pages/zh/terminal.md,终端命令行是通过输入文字命令操作电脑和运行程序的界面. 许多项目命令和相对路径取决于当前目录，例如启动开发服务前要先进入项目目录并观察输出。删除文件、改权限或上传数据前，先确认命令作用的准确目标和影响。 VibeHub 可视化图解与使用边界 · 技术栈术语。,ok
测试用例 Test Case,https://vibe-hub.org/test-case,zh,test-case,pages/zh/test-case.md,测试用例是写明前置条件、操作步骤、输入和预期结果的一次可重复检查。 例如先准备一个已注册账号，再输入错误密码并点击登录，预期页面拒绝进入且在密码框附近说明原因。测试计划安排的是整体范围和资源，不是某一次具体检查。 也常被叫作Test Case、测试案例。 VibeHub 可视化图解与使用边界 · 技术栈术语。,ok
测试覆盖率 Test Coverage,https://vibe-hub.org/test-coverage,zh,test-coverage,pages/zh/test-coverage.md,测试覆盖率是衡量需求、代码结构或风险项有多少被测试触达的指标。 例如覆盖率报告可以标出退款失败分支从未执行，需求矩阵也能显示某条支付规则没有对应测试。覆盖率衡量触达范围，不是测试通过率；即使达到 100% 也不能证明没有缺陷。 也常被叫作Test Coverage、Code Coverage、代码覆盖率。 VibeHub…,ok
测试替身 Test Double,https://vibe-hub.org/test-double,zh,test-double,pages/zh/test-double.md,测试替身是在测试中用可控对象代替真实依赖的做法，Mock 是其中一种常见形式。 例如测试订单模块时，可让替身支付服务返回成功、拒绝或超时，并检查调用参数和处理结果。替身适合隔离慢或不稳定的外部依赖；要验证真实接口契约时仍需集成测试。 也常被叫作Test Double、Mock、测试替身。 VibeHub 可视化图解与使用边界 ·…,ok
测试数据与 Fixture Test Data and Fixture,https://vibe-hub.org/test-fixture,zh,test-fixture,pages/zh/test-fixture.md,测试数据是测试使用的输入与状态样本，Fixture 是复用这些准备和清理过程的机制。 例如固定 JSON 保存用户和订单值，Fixture 在用例开始前创建它们、结束后删除或重置。数据回答“用什么值”，Fixture 回答“怎样准备和恢复环境”；它不负责替代外部服务的行为。 也常被叫作Test Fixture、Fixture、测试夹具…,ok
文本截断 Text Truncate,https://vibe-hub.org/text-truncate,zh,text-truncate,pages/zh/text-truncate.md,文本截断是一种在有限空间内隐藏超出文字，并用省略号提示内容未显示完整的显示方式. 商品卡片标题或表格单元格太长时，可将文本截断并提供完整查看方式。价格、错误提示等关键信息应优先换行，不要只靠tooltip。 VibeHub 可视化图解与使用边界 · 前端术语。,ok
多行文本域 Textarea,https://vibe-hub.org/textarea,zh,textarea,pages/zh/textarea.md,多行文本域是让用户输入或编辑多段自由文本的表单控件. 评论、个人简介和给 AI 的提示词适合使用它，并可显示字数限制。只需要填写昵称等短内容时，普通输入框更直接。 VibeHub 可视化图解与使用边界 · 前端术语。,ok
时间选择器 TimePicker,https://vibe-hub.org/time-picker,zh,time-picker,pages/zh/time-picker.md,时间选择器是让用户从允许范围中选择具体时刻的表单控件. 预约会议可选择 09:30 这类时间。应明确 12 小时制或 24 小时制、时间步长和不可选时段；跨地区协作还要显示时区。 VibeHub 可视化图解与使用边界 · 前端术语。,ok
时间轴 Timeline,https://vibe-hub.org/timeline,zh,timeline,pages/zh/timeline.md,时间轴是按时间顺序展示一组事件、状态或记录的数据组件. 物流记录可依次显示“已下单、已发货、运输中”。需统一最新事件放在上方或下方，并用文字说明状态，不能只靠颜色和圆点。 VibeHub 可视化图解与使用边界 · 前端术语。,ok
轻提示 Toast,https://vibe-hub.org/toast,zh,toast,pages/zh/toast.md,轻提示是在页面上短暂显示、反馈刚完成操作的提示组件. 复制链接或保存设置后可显示“已复制”“已保存”。位置和停留时间要避免遮挡当前任务；需要用户处理或记住的信息不能只依赖轻提示。 VibeHub 可视化图解与使用边界 · 前端术语。,ok
Token,https://vibe-hub.org/token,zh,token,pages/zh/token.md,Token 是语言模型读取和生成文本时使用的文字、标点或代码片段单位. 同一句话在不同模型中可被切成不同数量的 Token。例如，输入和输出的片段数会影响可放内容、等待时间和用量；一个汉字不保证正好是一个 Token。 也常被叫作词元、文本令牌。 VibeHub 可视化图解与使用边界 · AI术语。,ok
Token 用量与成本 Token Usage & Cost,https://vibe-hub.org/token-cost,zh,token-cost,pages/zh/token-cost.md,Token 用量会逐轮累加，实际成本还要按所用模型的价格表计算. 系统规则、聊天记录、文件、工具结果和模型回答都会产生 Token，多轮任务需加总每轮输入与输出。用量是 Token 数量；成本还取决于模型及输入、输出、缓存的不同价格，外部工具也可能单独收费。 也常被叫作Token 费用、模型调用成本。 VibeHub…,ok
工具调用 Tool Calling,https://vibe-hub.org/tool-calling,zh,tool-calling,pages/zh/tool-calling.md,工具调用是模型请求产品执行指定工具并提供参数的输出方式. 例如，模型可请求查询日历，产品检查权限和参数后才实际读取日程，再把真实结果交回模型。删除、发送等操作仍须检查范围并确认。 也常被叫作Function Calling、函数调用。 VibeHub 可视化图解与使用边界 · AI术语。,ok
文字提示 Tooltip,https://vibe-hub.org/tooltip,zh,tooltip,pages/zh/tooltip.md,文字提示是在悬停、聚焦或点击后显示简短说明的浮层组件. 鼠标停在陌生下载图标上可显示“下载报告”。它必须支持鼠标、键盘和触屏；必填规则和错误原因等关键信息不能藏在其中。 VibeHub 可视化图解与使用边界 · 前端术语。,ok
顶部导航布局 Top Nav,https://vibe-hub.org/top-nav-layout,zh,top-nav-layout,pages/zh/top-nav-layout.md,顶部导航布局是一种把主要导航放在页面上方、下方安排内容区域的页面结构. 官网、社区和内容网站常把品牌、核心入口和主操作放进顶栏，下方展示居中或通栏内容。长页面可让导航配合sticky保持可见；移动端应把过多入口收进清楚、可关闭的菜单，不能只是把文字挤小。 VibeHub 可视化图解与使用边界 · 前端术语。,ok
AI VibeCoding 术语,https://vibe-hub.org/topics/ai,zh,topics,pages/zh/topics/ai.md,VibeHub「AI」分类共 22 个术语：面向所有 Vibe Coding 用户的可视化图解，讲清常见概念、使用场景与边界，帮你用大白话搜到准确名称，更清楚向 AI 表达需求。,ok
Git VibeCoding 术语,https://vibe-hub.org/topics/git,zh,topics,pages/zh/topics/git.md,VibeHub「Git」分类共 12 个术语：面向所有 Vibe Coding 用户的可视化图解，讲清常见概念、使用场景与边界，帮你用大白话搜到准确名称，更清楚向 AI 表达需求。,ok
产品 VibeCoding 术语,https://vibe-hub.org/topics/product,zh,topics,pages/zh/topics/product.md,VibeHub「产品」分类共 3 个术语：面向所有 Vibe Coding 用户的可视化图解，讲清常见概念、使用场景与边界，帮你用大白话搜到准确名称，更清楚向 AI 表达需求。,ok
后端 VibeCoding 术语,https://vibe-hub.org/topics/backend,zh,topics,pages/zh/topics/backend.md,VibeHub「后端」分类共 30 个术语：面向所有 Vibe Coding 用户的可视化图解，讲清常见概念、使用场景与边界，帮你用大白话搜到准确名称，更清楚向 AI 表达需求。,ok
技术栈 VibeCoding 术语,https://vibe-hub.org/topics/technology,zh,topics,pages/zh/topics/technology.md,VibeHub「技术栈」分类共 25 个术语：面向所有 Vibe Coding 用户的可视化图解，讲清常见概念、使用场景与边界，帮你用大白话搜到准确名称，更清楚向 AI 表达需求。,ok
设计风格 VibeCoding 术语,https://vibe-hub.org/topics/design,zh,topics,pages/zh/topics/design.md,VibeHub「设计风格」分类共 22 个术语：面向所有 Vibe Coding 用户的可视化图解，讲清常见概念、使用场景与边界，帮你用大白话搜到准确名称，更清楚向 AI 表达需求。,ok
过渡 Transition,https://vibe-hub.org/transition,zh,transition,pages/zh/transition.md,过渡是一种让 CSS 属性从一个状态平滑变化到另一个状态的动效方式. 按钮悬停变色、开关滑块移动等只有起点和终点的变化适合 transition。应明确变化属性、时长和easing；不要默认写 transition: all，宽高等可能触发布局计算的属性也要谨慎，并为减少动态效果的用户降低非必要运动。 VibeHub…,ok
树形控件 Tree,https://vibe-hub.org/tree,zh,tree,pages/zh/tree.md,把文件夹、部门或分类按父子关系排列，并让用户逐层展开或收起. 例如项目文件会显示“src”文件夹，展开后才能看到里面的页面文件。它主要帮助浏览层级；需要从中勾选并提交结果时，应使用 tree-select。 VibeHub 可视化图解与使用边界 · 前端术语。,ok
树选择 TreeSelect,https://vibe-hub.org/tree-select,zh,tree-select,pages/zh/tree-select.md,在可展开的父子列表里勾选一个或多个项目. 例如设置数据权限时，用户可以展开“公司 → 部门 → 小组”，再跨不同部门勾选需要开放的范围。页面必须说明勾选一个部门是否会同时选中它下面的小组；如果只需沿一条路径选一个结果，用 cascader 更简单。 VibeHub 可视化图解与使用边界 · 前端术语。,ok
TypeScript,https://vibe-hub.org/typescript,zh,typescript,pages/zh/typescript.md,TypeScript 是在 JavaScript 基础上增加类型检查的编程语言. 例如，当对象类型已经写清楚时，把 user.name 写成 user.nmae，编辑器可在运行前标红。类型检查能发现名称和数据类型不一致，却不能证明价格、权限等业务规则正确。 也常被叫作TS。 VibeHub 可视化图解与使用边界 · 技术栈术语。,ok
排版 Typography,https://vibe-hub.org/typography,zh,typography,pages/zh/typography.md,排版就是页面中文字的大小、粗细、间距和层级，让人一眼分清标题、正文和提示. 例如在设置页，分组标题应比选项说明更醒目，正文的行与行之间也要留够距离。必须阅读的提醒不能只用很小、很浅的字显示，否则很容易被忽略。 也常被叫作文字排版、文本样式。 VibeHub 可视化图解与使用边界 · 前端术语。,ok
单元测试 Unit Test,https://vibe-hub.org/unit-test,zh,unit-test,pages/zh/unit-test.md,单元测试是针对一个可独立验证的函数、模块或组件进行的测试。 例如给总价函数输入商品、优惠券和运费，再检查输出是否正确；按钮组件也可单独验证禁用时不会触发操作。它强调小范围和快速定位，不负责证明前端、接口与数据库已经能一起工作。 也常被叫作Unit Test、单测。 VibeHub 可视化图解与使用边界 · 技术栈术语。,ok
上传 Upload,https://vibe-hub.org/upload,zh,upload,pages/zh/upload.md,让用户从电脑或手机选择图片、视频或文档，并提交给当前网站或软件. 例如更换头像时，页面应先说明支持的格式和大小，选择图片后显示上传进度、成功或失败。网站后面的服务器仍要再次检查文件是否安全、格式是否正确。 也常被叫作文件上传、上传控件。 VibeHub 可视化图解与使用边界 · 前端术语。,ok
URL,https://vibe-hub.org/url,zh,url,pages/zh/url.md,浏览器地址栏和链接里，用来找到具体页面或文件的地址. 例如，https://vibe-hub.org/api 指向 VibeHub 的 API 词条页；站内的相对 URL 可以只写 /api，它会从当前网站继续定位。URL 还可以带筛选条件或页内位置，分享前要检查其中是否含有 Token、密码或个人信息。 也常被叫作网址、网页地址。…,ok
用户流程 User Flow,https://vibe-hub.org/user-flow,zh,user-flow,pages/zh/user-flow.md,画出用户从入口到完成目标所经过步骤和分支的路径图. 例如，注册流程可以包含进入注册页、填写资料、验证码成功或失败，以及完成注册。它只保留影响用户前进的关键步骤，不必画出页面里的每一次点击。 也常被叫作用户流、UX Flow。 VibeHub 可视化图解与使用边界 · 产品术语。,ok
用户原声 UserVoice,https://vibe-hub.org/user-voice,zh,user-voice,pages/zh/user-voice.md,用户原声是引用真实使用者经历和评价，用来说明产品实际使用结果的内容区块. 用户原声应保留真实表达，并交代使用场景、取得方式和可核实来源。原话含有数字时，还要说明统计范围与时间；展示头像、公司或职位前须取得授权，无法公开身份时可以匿名并说明原因。 VibeHub 可视化图解与使用边界 · 前端术语。,ok
Vibe Coding,https://vibe-hub.org/vibe-coding,zh,vibe-coding,pages/zh/vibe-coding.md,Vibe Coding 就是用自然语言向 AI 表达需求，让 AI 编写代码，再根据运行结果继续调整。 例如，你说“做一个待办页面”，AI 会先生成代码；你打开页面，发现按钮太挤或保存报错，再把这些结果告诉它继续修改。它适合快速试想法，但能运行不等于可靠；正式上线前仍要检查代码、测试和权限。 也常被叫作氛围编程、凭感觉编程。…,ok
让 Vibe Coding 表达更 准确,https://vibe-hub.org/vibehub-skill,zh,vibehub-skill,pages/zh/vibehub-skill.md,安装 VibeHub Skill 后，Agent 可帮你：描述效果找术语、学习具体主题、结合当前项目练习，不知道学什么时主动推荐下一步。覆盖 234 个可视化术语与多条项目学习路线。,ok
视频 Video,https://vibe-hub.org/video,zh,video,pages/zh/video.md,视频是可在页面中播放、包含连续画面和时间进度的媒体内容. 产品操作演示或课程讲解可通过视频呈现动态步骤，例如“用 2 分钟创建项目”。封面应说明内容和时长，并提供字幕、声音控制和加载失败提示；关键说明不能只留在视频里。 也常被叫作视频播放器、嵌入视频。 VibeHub 可视化图解与使用边界 · 前端术语。,ok
Vue,https://vibe-hub.org/vue,zh,vue,pages/zh/vue.md,Vue 是用模板和组件制作交互网页界面的 JavaScript 框架。 例如点一次“+1”，页面上的数量从 0 变成 1；Vue 让按钮文字跟着数据变化。它只负责界面如何显示，数据是否长期保存仍要由服务器处理。 也常被叫作Vue.js。 VibeHub 可视化图解与使用边界 · 技术栈术语。,ok
工作树 Worktree,https://vibe-hub.org/worktree,zh,worktree,pages/zh/worktree.md,让同一个 Git 仓库同时出现在多个文件夹里，每个文件夹处理一条分支. 例如，原文件夹继续做首页，另一个文件夹单独处理线上修复，两边可以同时打开和运行。移除额外文件夹前，先保存其中的改动并停止正在运行的服务；不要直接删除文件夹，应使用 Git 的 worktree 命令移除。 VibeHub 可视化图解与使用边界 · Git术语。,ok
层级 Z-Index,https://vibe-hub.org/z-index,zh,z-index,pages/zh/z-index.md,决定互相重叠的页面元素谁显示在上面. 例如，下拉菜单被横幅挡住时，要同时检查菜单和横幅所在的父级；只把 z-index 改成 99999，也可能仍然无效。项目里应使用少量固定层级，避免数字越堆越乱。 VibeHub 可视化图解与使用边界 · 前端术语。,ok
